# IATA;lat;lon;ciudad — OpenFlights (ODbL), vía el paquete @nwpr/airport-codes 3.0.3
AAA;-17.3526;-145.5100;Anaa
AAC;31.0733;33.8358;El Arish
AAE;36.8222;7.8092;Annaba
AAF;29.7275;-85.0275;Apalachicola
AAH;50.8231;6.1864;Aachen
AAK;0.1853;173.6370;Buariki
AAL;57.0928;9.8492;Aalborg
AAM;-24.8181;31.5446;Malamala
AAN;24.2617;55.6092;Al Ain
AAO;9.4302;-64.4707;Anaco
AAP;29.7225;-95.5883;Houston
AAQ;45.0021;37.3473;Anapa
AAR;56.3000;10.6190;Aarhus
AAT;47.7499;88.0858;Altay
AAV;6.3668;124.7510;Surallah
AAX;-19.5632;-46.9604;Araxa
AAY;16.1917;52.1750;Al Ghaidah Intl
AAZ;14.8656;-91.5020;Quezaltenango
ABA;53.7400;91.3850;Abakan
ABB;6.2042;6.6653;Asaba
ABC;38.9485;-1.8635;Albacete
ABD;30.3711;48.2283;Abadan
ABE;40.6521;-75.4408;Allentown
ABF;1.7986;173.0410;Abaiang Atoll
ABH;-23.6461;146.5840;Alpha
ABI;32.4113;-99.6819;Abilene
ABJ;5.2614;-3.9263;Abidjan
ABK;6.7340;44.2530;Kabri Dehar
ABL;67.1063;-157.8570;Ambler
ABM;-10.9508;142.4590;Amberley
ABN;5.5127;-54.0501;Albina
ABQ;35.0402;-106.6090;Albuquerque
ABR;45.4491;-98.4218;Aberdeen
ABS;22.3760;31.6117;Abu Simbel
ABT;20.2961;41.6343;El-baha
ABV;9.0068;7.2632;Abuja
ABX;-36.0678;146.9580;Albury
ABY;31.5355;-84.1945;Albany
ABZ;57.2019;-2.1978;Aberdeen
ACA;16.7571;-99.7540;Acapulco
ACC;5.6052;-0.1668;Accra
ACD;8.5167;-77.3000;Acandi
ACE;28.9455;-13.6052;Arrecife
ACF;-27.5703;153.0080;Brisbane
ACH;47.4850;9.5608;Altenrhein
ACI;49.7061;-2.2147;Alderney
ACJ;8.3015;80.4279;Anuradhapura
ACK;41.2531;-70.0602;Nantucket
ACN;29.3329;-101.0990;Ciudad Acuna
ACP;37.3480;46.1279;Maragheh
ACR;-0.5833;-72.4083;Araracuara
ACS;56.2683;90.5708;Achinsk
ACT;31.6113;-97.2305;Waco
ACV;40.9781;-124.1090;Arcata CA
ACX;25.0864;104.9594;Xingyi
ACY;39.4576;-74.5772;Atlantic City
ACZ;31.0983;61.5439;Zabol
ADA;36.9822;35.2804;Adana
ADB;38.2924;27.1570;Izmir
ADD;8.9779;38.7993;Addis Ababa
ADE;12.8295;45.0288;Aden
ADF;37.7314;38.4689;Adiyaman
ADH;58.6028;125.4090;Aldan
ADI;-22.4622;14.9800;Arandis
ADJ;31.9727;35.9916;Amman
ADK;51.8780;-176.6460;Adak Island
ADL;-34.9450;138.5310;Adelaide
ADM;34.3030;-97.0196;Ardmore
ADP;7.3378;81.6259;Galoya
ADQ;57.7500;-152.4940;Kodiak
ADS;32.9686;-96.8364;Addison
ADT;34.8043;-96.6713;Ada
ADU;38.3257;48.4244;Ardabil
ADW;38.8108;-76.8670;Camp Springs
ADX;56.3729;-2.8684;Leuchars
ADY;-22.6790;29.0555;Alldays
ADZ;12.5836;-81.7112;San Andres Island
AEA;0.4908;173.8290;Abemama
AEB;23.7206;106.9600;Baise
AEG;1.4001;99.4305;Padang Sidempuan
AEH;13.8470;20.8443;Abeche
AEI;36.1289;-5.4411;Algeciras
AEO;16.7113;-9.6379;Aioun El Atrouss
AEP;-34.5592;-58.4156;Buenos Aires
AER;43.4499;39.9566;Sochi
AES;62.5625;6.1197;Alesund
AET;66.5518;-152.6220;Allakaket
AEU;25.8757;55.0330;Abumusa I.
AEX;31.3274;-92.5498;Alexandria
AEY;65.6600;-18.0727;Akureyri
AFA;-34.5883;-68.4039;San Rafael
AFL;-9.8664;-56.1050;Alta Floresta
AFS;41.6139;64.2332;Zarafshan
AFT;-9.1914;160.9486;Afutara
AFW;32.9876;-97.3188;Fort Worth
AFY;38.7264;30.6011;Afyon
AFZ;36.1681;57.5952;Sabzevar
AGA;30.3250;-9.4131;Agadir
AGB;48.4253;10.9317;Augsburg
AGC;40.3544;-79.9302;Pittsburgh
AGE;53.7828;7.9139;Wangerooge
AGF;44.1747;0.5906;Agen
AGH;56.2961;12.8471;Ängelholm
AGI;5.8411;-56.6733;Wageningen
AGJ;26.5925;127.2410;Aguni
AGN;57.5036;-134.5850;Angoon
AGP;36.6749;-4.4991;Malaga
AGQ;38.6020;21.3512;Agrinion
AGR;27.1558;77.9609;Agra
AGS;33.3699;-81.9645;Bush Field
AGT;-25.4545;-54.8427;Ciudad del Este
AGU;21.7056;-102.3180;Aguascalientes
AGV;9.5534;-69.2379;Acarigua
AGX;10.8237;72.1760;Agatti Island
AGZ;-29.2818;18.8139;Aggeneys
AHB;18.2404;42.6566;Abha
AHE;-14.4281;-146.2570;Ahe
AHJ;32.5315;102.3522;Ngawa
AHN;33.9486;-83.3263;Athens
AHO;40.6321;8.2908;Alghero
AHS;15.4722;-84.3522;Ahuas
AHU;35.1771;-3.8395;Al Hociema
AIA;42.0532;-102.8040;Alliance
AID;40.1086;-85.6130;ANDERSON
AIK;33.6494;-81.6850;Aiken
AIN;70.6380;-159.9950;Wainwright
AIP;31.4338;75.7588;Adampur
AIR;-10.1883;-59.4573;Aripuana
AIS;-2.6161;176.8030;Arorae
AIT;-18.8309;-159.7640;Aitutaki
AIU;-19.9678;-158.1190;Atiu Island
AIZ;38.0960;-92.5495;Kaiser Lake Ozark
AJA;41.9236;8.8029;Ajaccio
AJF;29.7851;40.1000;Al-Jawf
AJI;39.6545;43.0260;Agri
AJK;34.1381;49.8473;Arak
AJL;23.8406;92.6197;Aizwal
AJN;-12.1317;44.4303;Anjouan
AJR;65.5903;19.2819;Arvidsjaur
AJU;-10.9840;-37.0703;Aracaju
AJY;16.9660;8.0001;Agadez
AKA;32.7081;108.9310;Ankang
AKB;52.2203;-174.2060;Atka
AKC;41.0375;-81.4669;Akron
AKD;20.6990;77.0586;Akola
AKF;24.1787;23.3140;Kufra
AKH;24.0627;47.5805;Al Kharj
AKI;60.9029;-161.2310;Akiak
AKJ;43.6708;142.4470;Asahikawa
AKK;56.9387;-154.1830;Akhiok
AKL;-37.0081;174.7920;Auckland
AKN;58.6768;-156.6490;King Salmon
AKO;40.1756;-103.2220;Akron
AKP;68.1336;-151.7430;Anaktuvuk Pass
AKR;7.2467;5.3010;Akure
AKS;-8.7026;160.6820;Auki
AKT;34.5904;32.9879;Akrotiri
AKU;41.2625;80.2917;Aksu
AKV;60.8186;-78.1486;Akulivik
AKW;30.7444;49.6772;Aghajari
AKX;50.2458;57.2067;Aktyubinsk
AKY;20.1327;92.8726;Sittwe
ALA;43.3521;77.0405;Alma-ata
ALB;42.7483;-73.8017;Albany
ALC;38.2822;-0.5582;Alicante
ALE;30.3842;-103.6840;Alpine
ALF;69.9761;23.3717;Alta
ALG;36.6910;3.2154;Algier
ALH;-34.9433;117.8090;Albany
ALI;27.7409;-98.0269;Alice
ALJ;-28.5750;16.5333;Alexander Bay
ALL;44.0506;8.1274;Albenga
ALM;32.8399;-105.9910;Alamogordo
ALN;38.8903;-90.0460;Alton/St Louis
ALO;42.5571;-92.4003;Waterloo
ALP;36.1807;37.2244;Aleppo
ALR;-45.2117;169.3730;Alexandra
ALS;37.4349;-105.8670;Alamosa
ALU;11.9582;50.7480;Alula
ALW;46.0949;-118.2880;Walla Walla
ALX;32.9147;-85.9630;Alexander City
ALY;31.1839;29.9489;Alexandria
AMA;35.2194;-101.7060;Amarillo
AMB;-13.1884;48.9880;Ambilobe
AMC;11.0340;20.2740;Am Timan
AMD;23.0772;72.6347;Ahmedabad
AMH;6.0394;37.5905;Arba Minch
AMI;-8.5607;116.0950;Mataram
AMM;31.7226;35.9932;Amman
AMN;43.3221;-84.6880;Kamloops
AMQ;-3.7103;128.0890;Ambon
AMS;52.3086;4.7639;Amsterdam
AMT;-26.1083;131.2070;Amata
AMV;69.7633;61.5564;Amderma
AMZ;-37.0297;174.9730;Ardmore
ANB;33.5882;-85.8581;Anniston
ANC;61.1744;-149.9960;Anchorage
AND;34.4946;-82.7094;Andersen
ANE;47.5603;-0.3122;Angers/Marcé
ANF;-23.4445;-70.4451;Antofagasta
ANG;45.7292;0.2215;Angouleme
ANI;61.5816;-159.5430;Aniak
ANK;39.9498;32.6886;Ankara
ANM;-14.9994;50.3202;Antalaha
ANN;55.0424;-131.5720;Annette Island
ANP;38.9429;-76.5684;Annapolis
ANQ;41.6397;-85.0835;Angola
ANR;51.1894;4.4603;Antwerp
ANS;-13.7064;-73.3504;Andahuaylas
ANU;17.1367;-61.7927;Antigua
ANV;62.6467;-160.1910;Anvik
ANX;69.2925;16.1442;Andoya
AOC;50.9819;12.5064;Altenburg
AOE;39.8099;30.5194;Eskissehir
AOG;41.1053;122.8540;Anshan
AOH;40.7069;-84.0267;Lima
AOI;43.6163;13.3623;Ancona
AOJ;40.7347;140.6910;Aomori
AOK;35.4214;27.1460;Karpathos
AOL;-29.6894;-57.1521;Paso De Los Libres
AOO;40.2964;-78.3200;Altoona
AOP;-2.7961;-76.4666;Andoas
AOR;6.1897;100.3980;Alor Setar
AOT;45.7385;7.3687;Aosta
AOU;14.8147;106.8217;Attopeu
APA;39.5701;-104.8490;Denver
APC;38.2132;-122.2810;Napa
APF;26.1526;-81.7753;Naples
APG;39.4662;-76.1688;Aberdeen
API;4.0761;-73.5627;Apiay
APK;-15.5736;-146.4150;Apataki
APL;-15.1056;39.2818;Nampula
APN;45.0781;-83.5603;Alpena
APO;7.8120;-76.7164;Carepa
APQ;-9.7754;-36.6292;Arapiraca
APT;35.0607;-85.5853;Jasper
APW;-13.8300;-172.0080;Faleolo
APZ;-38.9755;-70.1136;ZAPALA
AQA;-21.8120;-48.1330;Araracuara
AQB;15.0122;-91.1506;Santa Cruz des Quiche
AQG;30.5822;117.0500;Anqing
AQI;28.3352;46.1251;Hafr Al-batin
AQJ;29.6116;35.0181;Aqaba
AQP;-16.3411;-71.5831;Arequipa
ARA;30.0378;-91.8839;Louisiana
ARB;42.2230;-83.7456;Ann Arbor
ARC;68.1147;-145.5790;Arctic Village
ARD;-8.1323;124.5970;Alor Island
ARE;18.4500;-66.6753;Arecibo
ARH;64.6003;40.7167;Arkhangelsk
ARI;-18.3485;-70.3387;Arica
ARK;-3.3678;36.6333;Arusha
ARM;-30.5281;151.6170;Armidale
ARN;59.6519;17.9186;Stockholm
ARR;-45.0136;-70.8122;Alto Rio Senguer
ART;43.9919;-76.0217;Watertown
ARU;-21.1413;-50.4247;Aracatuba
ARV;45.9279;-89.7309;Minocqua - Woodruff
ARW;46.1766;21.2620;Arad
ARY;-37.3094;142.9890;Ararat Airport
ASA;13.0718;42.6450;Assab
ASB;37.9868;58.3610;Ashkhabad
ASD;24.6979;-77.7956;Andros Town
ASE;39.2232;-106.8690;Aspen
ASF;46.2833;48.0063;Astrakhan
ASH;42.7817;-71.5148;Nashua
ASI;-7.9696;-14.3937;Wide Awake
ASJ;28.4306;129.7130;Amami
ASK;6.9032;-5.3656;Yamoussoukro
ASM;15.2919;38.9107;Asmara
ASN;33.5699;-86.0509;Talladega
ASO;10.0185;34.5863;Asosa
ASP;-23.8067;133.9020;Alice Springs
ASR;38.7704;35.4954;Kayseri
ASS;-24.7442;31.5225;Arathusa
AST;46.1580;-123.8790;Astoria
ASU;-25.2400;-57.5200;Asuncion
ASV;-2.6451;37.2531;Amboseli National Park
ASW;23.9644;32.8200;Aswan
ATA;-9.3474;-77.5984;Anta
ATB;17.7103;34.0570;Atbara
ATC;24.6294;-75.6738;Arthur's Town
ATD;-8.8733;161.0110;Atoifi
ATF;-1.2121;-78.5746;Ambato
ATG;33.8691;72.4009;Kamra
ATH;37.9364;23.9445;Athens
ATI;-30.4007;-56.5079;Artigas
ATJ;-19.8392;47.0637;Antsirabe
ATK;70.4673;-157.4360;Atqasuk
ATL;33.6367;-84.4281;Atlanta
ATM;-3.2539;-52.2540;Altamira
ATO;39.2110;-82.2314;Athens
ATQ;31.7096;74.7973;Amritsar
ATR;20.5068;-13.0432;Atar
ATW;44.2581;-88.5191;Appleton
ATY;44.9140;-97.1547;Watertown
ATZ;27.0465;31.0120;Asyut
AUA;12.5014;-70.0152;Oranjestad
AUC;7.0689;-70.7369;Arauca
AUF;47.8502;3.4971;Auxerre
AUG;44.3206;-69.7973;Augusta
AUH;24.4330;54.6511;Abu Dhabi
AUK;62.6800;-164.6599;Alakanuk
AUO;32.6151;-85.4340;Auburn
AUQ;-9.7688;-139.0110;Hiva-oa
AUR;44.8914;2.4219;Aurillac
AUS;30.1945;-97.6699;Austin
AUU;-13.3541;141.7207;Aurukun
AUW;44.9262;-89.6266;Wausau
AUX;-7.2279;-48.2405;Araguaina
AUY;-20.2492;169.7710;Anelghowhat
AVA;26.2606;105.8733;Anshun
AVB;46.0319;12.5965;Aviano
AVI;22.0271;-78.7896;Ciego De Avila
AVK;46.2503;102.8020;Arvaikheer
AVL;35.4362;-82.5418;Asheville
AVN;43.9073;4.9018;Avignon
AVO;27.5912;-81.5278;Avon Park
AVP;41.3385;-75.7234;Scranton
AVR;38.8833;-9.0301;Alverca
AVV;-38.0394;144.4690;Avalon
AVW;32.4096;-111.2180;Tucson
AVX;33.4049;-118.4160;Catalina Island
AWA;7.0670;38.5000;Awasa
AWD;-19.2346;169.6009;Aniwa
AWK;19.2821;166.6360;Wake island
AWZ;31.3374;48.7620;Ahwaz
AXA;18.2048;-63.0551;The Valley
AXD;40.8559;25.9563;Alexandroupolis
AXF;38.7483;105.5886;Alxa Left Banner
AXJ;32.4825;130.1590;Amakusa
AXK;14.5513;46.8262;Ataq
AXM;4.4528;-75.7664;Armenia
AXN;45.8663;-95.3947;Alexandria
AXP;22.4418;-73.9709;Spring Point
AXR;-15.2483;-146.6170;Arutua
AXT;39.6156;140.2190;Akita
AXU;14.1468;38.7728;Axum
AYK;50.3186;66.9528;Arkalyk
AYO;-27.3706;-56.8541;Ayolas
AYP;-13.1548;-74.2044;Ayacucho
AYQ;-25.1861;130.9760;Uluru
AYS;31.2491;-82.3955;Waycross
AYT;36.8987;30.8005;Antalya
AYW;-1.1593;132.4633;Ayawasi
AZA;33.3078;-111.6550;Mesa
AZD;31.9049;54.2765;Yazd
AZI;24.4283;54.4581;Abu Dhabi
AZN;40.7277;72.2940;Andizhan
AZO;42.2349;-85.5521;Kalamazoo
AZR;27.8376;-0.1864;Adrar
AZS;19.2670;-69.7420;Samana
BAB;39.1361;-121.4370;Marysville
BAD;32.5018;-93.6627;Shreveport
BAF;42.1578;-72.7156;Westfield
BAG;16.3751;120.6200;Baguio
BAH;26.2708;50.6336;Bahrain
BAI;9.1639;-83.3302;Buenos Aires
BAL;37.9290;41.1166;Batman
BAQ;10.8896;-74.7808;Barranquilla
BAR;19.1382;110.4548;Qionghai
BAS;-6.9907;155.8867;Ballalae
BAT;-20.5845;-48.5941;Barretos
BAU;-22.3450;-49.0538;Bauru
BAV;40.5600;109.9970;Baotou
BAX;53.3638;83.5385;Barnaul
BAY;47.6584;23.4700;Baia Mare
BAZ;-0.9813;-62.9196;Barcelos
BBA;-45.9161;-71.6895;Balmaceda
BBC;28.9733;-95.8635;Bay City
BBD;31.1793;-99.3239;Brady
BBG;3.0858;172.8110;Butaritari
BBH;54.3383;12.7105;Barth
BBI;20.2444;85.8178;Bhubaneswar
BBJ;49.9453;6.5650;Birburg
BBK;-17.8329;25.1624;Kasane
BBL;-27.4056;141.8095;Ballera
BBM;13.0956;103.2240;Battambang
BBN;3.7339;115.4790;Bario
BBO;10.3892;44.9411;Berbera
BBP;50.6781;-1.1094;Bembridge
BBQ;17.6358;-61.8286;Codrington
BBR;16.0133;-61.7422;Basse Terre
BBS;51.3239;-0.8475;Blackbushe
BBT;4.2216;15.7864;Berberati
BBU;44.5032;26.1021;Bucharest
BBX;40.1375;-75.2651;Philadelphia
BCA;20.3653;-74.5062;Baracoa Playa
BCD;10.7764;123.0150;Bacolod
BCE;37.7064;-112.1450;Bryce Canyon
BCH;-8.4890;126.4010;Baucau
BCI;-23.5653;145.3070;Barcaldine
BCL;10.7687;-83.5856;Pococi
BCM;46.5219;26.9103;Bacau
BCN;41.2971;2.0785;Barcelona
BCO;5.7829;36.5620;Baco
BCT;26.3785;-80.1077;Boca Raton
BCU;10.4828;9.7440;Bauchi
BDA;32.3640;-64.6787;Bermuda
BDB;-24.9039;152.3190;Bundaberg
BDD;-10.1500;142.1734;Badu Island
BDE;48.7284;-94.6122;Baudette
BDH;26.5320;54.8248;Bandar Lengeh
BDI;-3.7247;55.2053;Bird Island
BDJ;-3.4424;114.7630;Banjarmasin
BDL;41.9389;-72.6832;Windsor Locks
BDM;40.3180;27.9777;Bandirma
BDN;24.8415;68.8384;Talhar
BDO;-6.9006;107.5760;Bandung
BDP;26.5708;88.0796;Chandragarhi
BDQ;22.3362;73.2263;Baroda
BDR;41.1635;-73.1262;Stratford
BDS;40.6576;17.9470;Brindisi
BDT;4.2532;20.9753;Gbadolite
BDU;69.0558;18.5404;Bardufoss
BEB;57.4811;-7.3628;Benbecula
BEC;37.6945;-97.2150;Wichita
BED;42.4700;-71.2890;Bedford
BEF;11.9910;-83.7741;Bluefields
BEG;44.8184;20.3091;Belgrade
BEI;9.3864;34.5219;Beica
BEJ;2.1555;117.4320;Tanjung Redep-Borneo Island
BEK;28.4221;79.4508;Bareilly
BEL;-1.3793;-48.4763;Belem
BEM;32.4019;-6.3159;Beni Mellal
BEN;32.0968;20.2695;Benghazi
BEO;-33.0667;151.6480;Lake Macquarie
BEP;15.1628;76.8828;Bellary
BEQ;52.3426;0.7729;Honington
BES;48.4479;-4.4185;Brest
BET;60.7798;-161.8380;Bethel
BEU;-24.3461;139.4600;Bedourie
BEV;31.2870;34.7230;Beer-sheba
BEW;-19.7964;34.9076;Beira
BEX;51.6164;-1.0958;Benson
BEY;33.8209;35.4884;Beirut
BEZ;-1.3547;176.0070;Beru Island
BFD;41.8031;-78.6401;Bradford
BFE;51.9647;8.5444;Bielefeld
BFF;41.8740;-103.5960;Scottsbluff
BFH;-25.4051;-49.2320;Curitiba
BFI;47.5300;-122.3020;Seattle
BFJ;27.2671;105.4721;Bijie
BFK;39.7017;-104.7520;Buckley
BFL;35.4336;-119.0570;Bakersfield
BFM;30.6268;-88.0681;Mobile
BFN;-29.0927;26.3024;Bloemfontein
BFO;-21.0081;31.5786;Chiredzi
BFP;40.7725;-80.3914;Beaver Falls
BFS;54.6575;-6.2158;Belfast
BFT;32.4122;-80.6344;Beaufort
BFU;32.8477;117.3202;Bengbu
BFV;15.2295;103.2530;Buri Ram
BFW;35.1718;-0.5933;Sidi Bel Abbes
BFX;5.5369;10.3546;Bafoussam
BGA;7.1265;-73.1848;Bucaramanga
BGC;41.8578;-6.7071;Braganca
BGD;35.7009;-101.3940;Borger
BGE;30.9715;-84.6374;Bainbridge
BGF;4.3985;18.5188;Bangui
BGG;38.8593;40.5960;Bingol
BGI;13.0746;-59.4925;Bridgetown
BGL;28.2128;83.6663;Baglung
BGM;42.2087;-75.9798;Binghamton
BGN;68.5566;146.2315;Belaya Gora Airport
BGO;60.2934;5.2181;Bergen
BGR;44.8074;-68.8281;Bangor
BGW;33.2625;44.2346;Baghdad
BGX;-31.3905;-54.1122;Bage
BGY;45.6739;9.7042;Bergamo
BGZ;41.5871;-8.4451;Braga
BHB;44.4500;-68.3615;Bar Harbor
BHD;54.6181;-5.8725;Belfast
BHE;-41.5183;173.8700;Woodbourne
BHG;15.7631;-84.5436;Brus Laguna
BHH;19.9844;42.6209;Bisha
BHI;-38.7250;-62.1693;Bahia Blanca
BHJ;23.2878;69.6702;Bhuj
BHK;39.7750;64.4833;Bukhara
BHM;33.5629;-86.7535;Birmingham
BHN;14.7820;45.7201;Beihan
BHO;23.2875;77.3374;Bhopal
BHP;27.1474;87.0508;Bhojpur
BHQ;-32.0014;141.4720;Broken Hill
BHR;27.6781;84.4294;Bharatpur
BHS;-33.4094;149.6520;Bathurst
BHU;21.7522;72.1852;Bhaunagar
BHV;29.3481;71.7180;Bahawalpur
BHW;32.0561;72.9484;Bhagtanwala
BHX;52.4539;-1.7480;Birmingham
BHY;21.5394;109.2940;Beihai
BIA;42.5527;9.4837;Bastia
BIB;3.1022;43.6286;Baidoa
BID;41.1681;-71.5778;Block Island
BIF;31.8495;-106.3800;El Paso
BIG;63.9945;-145.7220;Delta Junction
BIH;37.3731;-118.3640;Bishop
BIK;-1.1900;136.1080;Biak
BIL;45.8077;-108.5430;Billings
BIM;25.6999;-79.2647;Alice Town
BIN;34.8170;67.8170;Bamyan
BIO;43.3011;-2.9106;Bilbao
BIQ;43.4683;-1.5311;Biarritz-bayonne
BIR;26.4815;87.2640;Biratnagar
BIS;46.7727;-100.7460;Bismarck
BIU;65.6413;-23.5462;Bildudalur
BIX;30.4104;-88.9244;Biloxi
BIY;-32.8971;27.2791;Bisho
BJA;36.7120;5.0699;Bejaja
BJB;37.4930;57.3082;Bojnourd
BJC;39.9088;-105.1170;Broomfield-CO
BJF;70.6005;29.6914;Batsfjord
BJH;29.5390;81.1854;Bajhang
BJI;47.5094;-94.9337;Bemidji
BJL;13.3380;-16.6522;Banjul
BJM;-3.3240;29.3185;Bujumbura
BJO;-22.7733;-64.3129;Bermejo
BJP;-22.9792;-46.5375;Braganca Paulista
BJR;11.6081;37.3216;Bahar Dar
BJU;29.5020;81.6690;Bajura
BJV;37.2506;27.6643;Bodrum
BJW;-8.7074;121.0574;Bajawa
BJX;20.9935;-101.4810;Del Bajio
BJY;44.9353;20.2575;Batajnica
BJZ;38.8913;-6.8213;Badajoz
BKA;55.6172;38.0600;Moscow
BKB;28.0706;73.2072;Bikaner
BKC;65.9816;-161.1490;Buckland
BKD;32.7190;-98.8910;Breckenridge
BKE;44.8373;-117.8090;Baker City
BKG;36.5321;-93.2005;Branson
BKH;22.0228;-159.7850;Barking Sands
BKI;5.9372;116.0510;Kota Kinabalu
BKK;13.6811;100.7470;Bangkok
BKL;41.5175;-81.6833;Cleveland
BKM;3.9740;115.6180;Bakalalan
BKO;12.5335;-7.9499;Bamako
BKQ;-24.4278;145.4290;Blackall
BKS;-3.8637;102.3390;Bengkulu
BKW;37.7873;-81.1242;Beckley
BKY;-2.3090;28.8088;Bukavu/kavumu
BKZ;-1.3320;31.8212;Bukoba
BLA;10.1111;-64.6922;Barcelona
BLB;8.9148;-79.5996;Howard
BLE;60.4220;15.5152;Borlange
BLF;37.2958;-81.2077;Bluefield
BLG;2.6500;113.7670;Belaga
BLH;33.6192;-114.7170;Blythe
BLI;48.7928;-122.5380;Bellingham
BLJ;35.7521;6.3086;Batna
BLK;53.7717;-3.0286;Blackpool
BLL;55.7403;9.1518;Billund
BLN;-36.5519;146.0070;Benalla Airport
BLQ;44.5354;11.2887;Bologna
BLR;13.1979;77.7063;Bangalore
BLT;-23.6031;148.8070;Blackwater
BLV;38.5452;-89.8352;Belleville
BLZ;-15.6791;34.9740;Blantyre
BMA;59.3544;17.9417;Stockholm
BMB;2.1828;22.4817;Bumba
BMC;41.5524;-112.0620;Brigham City
BMD;-19.6867;44.5419;Belo sur Tsiribihina
BME;-17.9447;122.2320;Broome
BMG;39.1460;-86.6167;Bloomington
BMI;40.4771;-88.9159;Bloomington
BMK;53.5964;6.7092;Borkum
BMM;2.0756;11.4932;Bitam
BMO;24.2690;97.2462;Banmaw
BMP;-20.8033;149.2700;Brampton Island
BMR;53.7247;7.3733;Baltrum
BMT;30.0707;-94.2158;Beaumont
BMU;-8.5396;118.6870;Bima
BMV;12.6683;108.1200;Buonmethuot
BMW;21.3750;0.9239;Bordj Badji Mokhtar
BMX;59.3612;-155.2590;Big Mountain
BMY;-19.7206;163.6610;Waala
BNA;36.1245;-86.6782;Nashville
BNB;-0.2170;20.8500;Boende
BNC;0.5750;29.4739;Beni
BND;27.2183;56.3778;Bandar Abbas
BNE;-27.3842;153.1170;Brisbane
BNG;33.9231;-116.8510;Banning
BNI;6.3170;5.5995;Benin
BNJ;50.7689;7.1633;Sankt-Augustin
BNK;-28.8339;153.5620;Ballina Byron Bay
BNM;-9.1078;147.6667;Bodinumu
BNN;65.4611;12.2175;Bronnoysund
BNO;43.5919;-118.9550;Burns
BNP;32.9729;70.5279;Bannu
BNS;8.6150;-70.2142;Barinas
BNU;-26.8306;-49.0903;BLUMENAU
BNX;44.9414;17.2975;Banja Luka
BOA;-5.8540;13.0640;Boma
BOB;-16.4444;-151.7510;Bora Bora
BOC;9.3408;-82.2508;Bocas Del Toro
BOD;44.8283;-0.7156;Bordeaux
BOG;4.7016;-74.1469;Bogota
BOH;50.7800;-1.8425;Bournemouth
BOI;43.5644;-116.2230;Boise
BOJ;42.5696;27.5152;Bourgas
BOM;19.0887;72.8679;Mumbai
BON;12.1310;-68.2685;Kralendijk
BOO;67.2692;14.3653;Bodo
BOR;47.6556;7.0108;Belfort
BOS;42.3643;-71.0052;Boston
BOU;47.0581;2.3703;Bourges
BOW;27.9434;-81.7834;Bartow
BOX;-16.0753;136.3020;Borroloola
BOY;11.1601;-4.3310;Bobo-dioulasso
BPC;6.0392;10.1226;Bamenda
BPE;39.6664;119.0589;Bagan
BPF;-8.5620;158.1193;Batuna
BPG;-15.8613;-52.3889;Barra Do Garcas
BPH;8.1959;126.3220;Bislig Airport
BPI;42.5851;-110.1110;Big Piney
BPL;44.8950;82.3000;Bole
BPM;17.4531;78.4676;Hyderabad
BPN;-1.2683;116.8940;Balikpapan
BPS;-16.4386;-39.0809;Porto Seguro
BPT;29.9508;-94.0207;Beaumont
BPX;30.5536;97.1083;Bangda
BPY;-16.7445;44.4825;Besalampy
BQA;15.7293;121.5000;Baler
BQB;-33.6884;115.4016;Brusselton
BQE;11.2974;-15.8381;Bubaque
BQG;52.3800;140.4480;Bogorodskoe
BQH;51.3308;0.0325;Biggin Hill
BQJ;67.6480;134.6950;Batagay
BQK;31.2588;-81.4665;Brunswick
BQL;-22.9133;139.9000;Boulia
BQN;18.4949;-67.1294;Aguadilla
BQS;50.4254;127.4120;Blagoveschensk
BQT;52.1083;23.8981;Brest
BQU;12.9884;-61.2620;Bequia
BRA;-12.0789;-45.0090;Barreiras
BRC;-41.1512;-71.1575;San Carlos De Bariloche
BRD;46.3983;-94.1381;Brainerd
BRE;53.0475;8.7867;Bremen
BRI;41.1389;16.7606;Bari
BRK;-30.0392;145.9520;Bourke
BRL;40.7832;-91.1255;Burlington
BRM;10.0427;-69.3586;Barquisimeto
BRN;46.9141;7.4971;Bern
BRO;25.9068;-97.4259;Brownsville
BRQ;49.1513;16.6944;Brno
BRR;57.0228;-7.4431;Barra
BRS;51.3827;-2.7191;Bristol
BRT;-11.7692;130.6200;Bathurst Island
BRU;50.9014;4.4844;Brussels
BRV;53.5069;8.5728;Bremerhaven
BRW;71.2854;-156.7660;Barrow
BRX;18.2515;-71.1204;Barahona
BSA;11.2753;49.1494;Bosaso
BSB;-15.8692;-47.9208;Brasilia
BSC;6.2029;-77.3947;Bahia Solano
BSD;25.0533;99.1683;Baoshan
BSF;19.7601;-155.5540;Bradshaw Field
BSG;1.9055;9.8057;Bata
BSJ;-37.8875;147.5680;Bairnsdale
BSK;34.7933;5.7382;Biskra
BSL;47.5900;7.5292;Mulhouse
BSO;20.4513;121.9800;Basco
BSR;30.5491;47.6621;Basrah
BST;31.5597;64.3650;Lashkar Gah
BSU;1.2247;19.7889;Basankusu
BSX;16.8152;94.7799;Pathein
BTC;7.7058;81.6788;Batticaloa
BTE;7.5324;-12.5189;Bonthe
BTH;1.1210;104.1190;Batam
BTI;70.1340;-143.5820;Barter Island
BTJ;5.5229;95.4206;Banda Aceh
BTK;56.3706;101.6980;Bratsk
BTL;42.3073;-85.2515;Battle Creek
BTM;45.9548;-112.4970;Butte
BTR;30.5332;-91.1496;Baton Rouge
BTS;48.1702;17.2127;Bratislava
BTT;66.9139;-151.5290;Bettles
BTU;3.1239;113.0200;Bintulu
BTV;44.4719;-73.1533;Burlington
BTW;-3.4124;115.9950;Batu Licin
BTZ;40.2333;29.0092;Bursa
BUA;-5.4223;154.6730;Buka Island
BUC;-17.7486;139.5340;Burketown
BUD;47.4298;19.2611;Budapest
BUF;42.9405;-78.7322;Buffalo
BUG;-12.6090;13.4037;Benguela
BUI;-3.6822;138.6755;Bokondini-Papua Island
BUJ;35.3325;4.2064;Bou Saada
BUL;-7.2163;146.6495;Bulolo
BUN;3.8196;-76.9898;Buenaventura
BUO;9.5275;45.5549;Burao
BUP;30.2701;74.7558;Bhatinda
BUQ;-20.0174;28.6179;Bulawayo
BUR;34.2007;-118.3590;Burbank
BUS;41.6103;41.5997;Batumi
BUT;27.5622;90.7471;Jakar
BUU;-1.1278;102.1350;Muara Bungo
BUW;-5.4869;122.5690;Bau-Bau
BUX;1.5657;30.2208;Bunia
BUY;-33.3783;115.6770;Bunbury
BUZ;28.9448;50.8346;Bushehr
BVA;49.4544;2.1128;Beauvais
BVB;2.8414;-60.6922;Boa Vista
BVC;16.1365;-22.8889;Boa Vista
BVE;45.0397;1.4856;Brive
BVG;70.8714;29.0342;Berlevag
BVH;-12.6944;-60.0983;Vilhena
BVI;-25.8975;139.3480;Birdsville
BVS;-1.6365;-50.4436;Breves
BVY;42.5842;-70.9165;Beverly
BWA;27.5057;83.4163;Bhairawa
BWB;-20.8644;115.4060;Barrow Island
BWE;52.3192;10.5561;Braunschweig
BWF;54.1286;-3.2675;Barrow Island
BWG;36.9645;-86.4197;Bowling Green
BWH;5.4659;100.3910;Butterworth
BWI;39.1754;-76.6683;Baltimore
BWK;43.2857;16.6797;Brac
BWN;4.9442;114.9280;Bandar Seri Begawan
BWO;51.8583;47.7456;Balakovo
BWQ;-29.9739;146.8170;Brewarrina Airport
BWT;-40.9989;145.7310;Burnie
BWU;-33.9244;150.9880;Sydney
BWW;22.6213;-79.1472;Cayo Santa Maria
BWX;-8.3102;114.3401;Banyuwangi
BXB;-2.5322;133.4390;Babo
BXE;14.8473;-12.4683;Bakel
BXG;-36.7394;144.3300;Bendigo
BXH;46.8933;75.0050;Balkhash
BXK;33.4204;-112.6860;Buckeye
BXN;37.1401;27.6697;Bodrum
BXO;46.9744;8.3969;Buochs
BXP;52.0008;23.1325;Biała Podlaska
BXR;29.0842;58.4500;Bam
BXU;8.9515;125.4788;Butuan
BXY;45.6220;63.2108;Baikonur
BYC;-21.9609;-63.6517;Yacuiba
BYF;49.9715;2.6977;Albert
BYH;35.9643;-89.9440;Blytheville
BYI;42.5426;-113.7720;Burley
BYJ;38.0789;-7.9324;Beja (madeira)
BYK;7.7388;-5.0737;Bouake
BYM;20.3964;-76.6214;Bayamo
BYN;46.1633;100.7040;Bayankhongor
BYO;-21.2473;-56.4525;Bointo
BYP;-22.6739;119.1660;Barimunya
BYQ;3.4557;117.8670;Bunyu
BYR;57.2772;11.0001;Laeso
BYS;35.2805;-116.6300;Fort Irwin
BYT;51.6686;-9.4842;Bantry
BYU;49.9850;11.6400;Bayreuth
BZA;13.9500;-84.6000;Bonanza
BZC;-22.7710;-41.9629;Buzios
BZD;-34.6236;143.5780;Balranald Airport
BZE;17.5391;-88.3082;Belize City
BZG;53.0968;17.9777;Bydgoszcz
BZH;-16.8170;28.3500;Bumi Hills
BZI;39.6193;27.9260;Balikesir
BZK;53.2142;34.1764;Bryansk
BZL;22.8010;90.3012;Barisal
BZN;45.7775;-111.1530;Bozeman
BZO;46.4602;11.3264;Bolzano
BZR;43.3235;3.3539;Beziers
BZU;2.8184;24.7937;Buta Zega
BZV;-4.2517;15.2530;Brazzaville
BZY;47.8431;27.7772;Saltsy
BZZ;51.7500;-1.5836;Brize Norton
CAB;-5.5970;12.1884;Cabinda
CAC;-25.0003;-53.5008;Cascavel
CAE;33.9388;-81.1195;Columbia
CAF;-4.8715;-66.8975;Carauari
CAG;39.2515;9.0543;Cagliari
CAH;9.1777;105.1778;Ca Mau
CAI;30.1219;31.4056;Cairo
CAJ;6.2320;-62.8544;Canaima
CAK;40.9161;-81.4422;Akron
CAL;55.4372;-5.6864;Campbeltown
CAN;23.3924;113.2990;Guangzhou
CAP;19.7330;-72.1947;Cap Haitien
CAQ;7.9685;-75.1985;Caucasia
CAR;46.8715;-68.0179;Caribou
CAT;38.7250;-9.3552;Cascais
CAU;-8.2824;-36.0135;Caruaru
CAW;-21.6983;-41.3017;Campos
CAX;54.9375;-2.8092;Carlisle
CAY;4.8198;-52.3604;Cayenne
CAZ;-31.5383;145.7940;Cobar
CBB;-17.4211;-66.1771;Cochabamba
CBD;9.1525;92.8196;Carnicobar
CBE;39.6154;-78.7609;Cumberland
CBF;41.2592;-95.7606;Council Bluffs
CBG;52.2050;0.1750;Cambridge
CBH;31.6457;-2.2699;Béchar
CBJ;17.9290;-71.6448;Cabo Rojo
CBL;8.1222;-63.5370;Ciudad Bolivar
CBM;33.6438;-88.4438;Colombus
CBN;-6.7561;108.5400;Cirebon
CBO;7.1652;124.2100;Cotabato
CBQ;4.9760;8.3472;Calabar
CBR;-35.3069;149.1950;Canberra
CBT;-12.4792;13.4869;Catumbela
CBU;51.8894;14.5319;Cottbus
CBV;15.4690;-90.4067;Coban
CCA;-16.9768;-65.1456;Chapacura
CCB;34.1116;-117.6880;Upland
CCC;22.4610;-78.3284;Cunagua
CCF;43.2160;2.3063;Carcassonne
CCH;-46.5833;-71.6874;Chile Chico
CCI;-27.1806;-52.0527;Concordia
CCJ;11.1368;75.9553;Calicut
CCK;-12.1883;96.8339;Cocos Keeling Island
CCL;-26.7750;150.6170;Chinchilla
CCM;-28.7244;-49.4214;Criciuma
CCN;34.5330;65.2670;Chaghcharan
CCP;-36.7727;-73.0631;Concepcion
CCR;37.9897;-122.0570;Concord
CCS;10.6012;-66.9912;Caracas
CCU;22.6547;88.4467;Kolkata
CCV;-16.2650;167.9240;Craig Cove
CCX;-16.0436;-57.6299;Caceres
CCY;43.0726;-92.6108;Charles City
CCZ;25.4171;-77.8809;Chub Cay
CDA;-12.9033;132.5320;Cooinda
CDB;55.2061;-162.7250;Cold Bay
CDC;37.7010;-113.0990;Cedar City
CDE;41.1225;118.0739;Chengde
CDG;49.0128;2.5500;Paris
CDJ;-8.3483;-49.3015;Conceicao Do Araguaia
CDN;34.2836;-80.5649;Camden
CDP;14.5100;78.7728;Cuddapah
CDR;42.8376;-103.0950;Chadron
CDS;34.4338;-100.2880;Childress
CDT;40.2139;0.0733;Castellón de la Plana
CDU;-34.0403;150.6870;Camden
CDV;60.4918;-145.4780;Cordova
CDW;40.8752;-74.2814;Caldwell
CEB;10.3075;123.9790;Cebu
CEC;41.7802;-124.2370;Crescent City
CED;-32.1306;133.7100;Ceduna
CEE;59.2736;38.0158;Cherepovets
CEF;42.1940;-72.5348;Chicopee Falls
CEG;53.1781;-2.9778;Hawarden
CEI;19.9523;99.8829;Chiang Rai
CEJ;51.4022;31.1583;Chernigov
CEK;55.3058;61.5033;Chelyabinsk
CEM;65.5738;-144.7830;Central
CEN;27.3926;-109.8330;Ciudad Obregon
CEQ;43.5420;6.9535;Cannes
CER;49.6501;-1.4703;Cherbourg
CES;-32.7875;151.3420;Cessnock
CET;47.0821;-0.8771;Cholet
CEU;34.6719;-82.8865;Clemson
CEW;30.7788;-86.5221;Crestview
CEZ;37.3030;-108.6280;Cortez
CFB;-22.9217;-42.0743;Cabo Frio
CFC;-26.7884;-50.9398;Cacador
CFD;30.7157;-96.3314;Bryan
CFE;45.7867;3.1692;Clermont-Ferrand
CFG;22.1500;-80.4142;Cienfuegos
CFK;36.2127;1.3318;Ech-cheliff
CFN;55.0442;-8.3410;Dongloe
CFO;-10.6344;-51.5636;Confresa
CFR;49.1733;-0.4500;Caen
CFS;-30.3206;153.1160;Coff's Harbour
CFU;39.6019;19.9117;Kerkyra/corfu
CFV;37.0940;-95.5719;Coffeyville
CGB;-15.6529;-56.1167;Cuiaba
CGD;28.9189;111.6400;Changde
CGF;41.5651;-81.4864;Richmond Heights
CGH;-23.6261;-46.6564;Sao Paulo
CGI;37.2253;-89.5708;Cape Girardeau
CGJ;-12.5728;27.8939;Kasompe
CGK;-6.1256;106.6560;Jakarta
CGM;9.2535;124.7070;Camiguin
CGN;50.8659;7.1427;Cologne
CGO;34.5197;113.8410;Zhengzhou
CGP;22.2496;91.8133;Chittagong
CGQ;43.9962;125.6850;Changchun
CGR;-20.4687;-54.6725;Campo Grande
CGX;41.8588;-87.6079;Chicago
CGY;8.6122;124.4565;Cagayan de Oro City
CGZ;32.9549;-111.7670;Casa Grande
CHA;35.0353;-85.2038;Chattanooga
CHC;-43.4894;172.5320;Christchurch
CHF;35.1402;128.6962;Chinhae
CHG;41.5381;120.4350;Chaoyang
CHH;-6.2018;-77.8561;Chachapoyas
CHM;-9.1496;-78.5238;Chimbote
CHN;35.8781;127.1191;Jhunju
CHO;38.1386;-78.4529;Charlottesville VA
CHQ;35.5317;24.1497;Chania
CHR;46.8603;1.7211;Chateauroux
CHS;32.8986;-80.0405;Charleston
CHT;-43.8100;-176.4570;Chatham Island
CHU;61.5791;-159.2160;Chuathbaluk
CHX;9.4590;-82.5151;Changuinola
CHY;-6.7119;156.3961;Choiseul Bay
CIA;41.7994;12.5949;Rome
CIC;39.7954;-121.8580;Chico
CID;41.8847;-91.7108;Cedar Rapids
CIF;42.2350;118.9080;Chifeng
CIH;36.2475;113.1260;Changzhi
CIJ;-11.0404;-68.7830;Cobija
CIK;66.6450;-143.7400;Chalkyitsik
CIO;-23.4424;-57.4273;Conception
CIP;-13.5583;32.5872;Chipata
CIS;-2.7681;-171.7100;Canton Island
CIT;42.3642;69.4789;Chimkent
CIU;46.2508;-84.4724;Sault Ste Marie
CIW;12.6990;-61.3424;Canouan Island
CIX;-6.7875;-79.8281;Chiclayo
CIY;36.9946;14.6072;Comiso
CIZ;-4.1341;-63.1326;Coari
CJA;-7.1392;-78.4894;Cajamarca
CJB;11.0300;77.0434;Coimbatore
CJC;-22.4982;-68.9036;Calama
CJF;-22.9667;118.8130;Coondewanna
CJJ;36.7170;127.4987;Chongju
CJL;35.8866;71.8006;Chitral
CJM;10.7112;99.3617;Chumphon
CJN;-7.7199;108.4890;Nusawiru
CJS;31.6361;-106.4290;Ciudad Juarez
CJU;33.5113;126.4930;Cheju
CKB;39.2966;-80.2281;Clarksburg
CKC;49.4156;31.9953;Cherkassy
CKG;29.7192;106.6420;Chongqing
CKH;70.6231;147.9020;Chokurdah
CKI;-11.1650;132.4830;Croker Island
CKL;55.8783;38.0617;Shchyolkovo
CKS;-6.1153;-50.0014;Parauapebas
CKT;36.5012;61.0649;Sarakhs
CKV;36.6219;-87.4150;Clarksville
CKY;9.5769;-13.6120;Conakry
CKZ;40.1377;26.4268;Canakkale
CLD;33.1283;-117.2800;Carlsbad
CLE;41.4117;-81.8498;Cleveland
CLJ;46.7852;23.6862;Cluj-napoca
CLL;30.5886;-96.3638;College Station
CLM;48.1202;-123.5000;Port Angeles
CLN;-7.3204;-47.4587;Carolina
CLO;3.5432;-76.3816;Cali
CLP;58.8337;-158.5290;Clarks Point
CLQ;19.2770;-103.5770;Colima
CLS;46.6770;-122.9830;Chehalis
CLT;35.2140;-80.9431;Charlotte
CLU;39.2619;-85.8963;Columbus
CLV;-17.7253;-48.6075;Caldas Novas
CLW;27.9767;-82.7587;Clearwater
CLY;42.5244;8.7931;Calvi
CLZ;8.9247;-67.4171;Calabozo
CMA;-28.0300;145.6220;Cunnamulla
CMB;7.1808;79.8841;Colombo
CMD;-34.6239;148.0280;Cootamundra Airport
CME;18.6537;-91.7990;Ciudad Del Carmen
CMF;45.6381;5.8802;Chambery
CMG;-19.0119;-57.6714;Corumba
CMH;39.9980;-82.8919;Columbus
CMI;40.0392;-88.2781;Champaign
CMJ;23.2131;119.4180;Cimei
CMK;-14.3069;35.1325;Club Makokola
CMN;33.3675;-7.5900;Casablanca
CMP;-9.3200;-50.3285;Santana do Araguaia
CMQ;-22.7731;147.6210;Clermont
CMR;48.1099;7.3590;Colmar
CMU;-6.0243;144.9710;Kundiawa
CMW;21.4203;-77.8475;Camaguey
CMX;47.1684;-88.4891;Hancock
CNB;-30.9833;148.3760;Coonamble
CNC;-10.0500;143.0700;Coconut Island
CND;44.3622;28.4883;Constanta
CNF;-19.6244;-43.9719;Belo Horizonte
CNG;45.6583;-0.3175;Cognac
CNI;39.2667;122.6669;Changhai
CNJ;-20.6686;140.5040;Cloncurry
CNL;57.5035;10.2294;Sindal
CNM;32.3375;-104.2630;Carlsbad
CNN;11.9186;75.5472;Kannur
CNO;33.9747;-117.6370;Chino
CNP;70.7431;-22.6505;Neerlerit Inaat
CNQ;-27.4455;-58.7619;Corrientes
CNR;-26.3325;-70.6073;Chañaral
CNS;-16.8858;145.7550;Cairns
CNU;37.6688;-95.4851;Chanute
CNW;31.6378;-97.0741;Waco
CNX;18.7668;98.9626;Chiang Mai
CNY;38.7550;-109.7550;Moab
COC;-31.2969;-57.9966;Concordia
COD;44.5202;-109.0240;Cody
COE;47.7743;-116.8200;Coeur d'Alene
COF;28.2349;-80.6101;Coco Beach
COG;5.0833;-76.7000;Condoto
COH;26.3305;89.4672;Cooch-behar
COJ;-31.3325;149.2670;Coonabarabran
COK;10.1520;76.4019;Kochi
CON;43.2027;-71.5023;Concord NH
COO;6.3572;2.3844;Cotonou
COQ;48.1357;114.6460;Choibalsan
COR;-31.3236;-64.2080;Cordoba
COS;38.8058;-104.7010;Colorado Springs
COT;28.4567;-99.2203;Cotulla
COU;38.8181;-92.2196;Columbia
COX;24.1587;-77.5898;Andros
COZ;18.9075;-70.7219;Constanza
CPA;4.3790;-7.6969;Greenville
CPB;8.6333;-77.3500;Capurgana
CPC;-40.0754;-71.1373;San Martin Des Andes
CPD;-29.0400;134.7210;Coober Pedy
CPE;19.8168;-90.5003;Campeche
CPH;55.6179;12.6560;Copenhagen
CPO;-27.2612;-70.7792;Copiapo
CPQ;-22.8592;-47.1082;Campinas
CPR;42.9080;-106.4640;Casper
CPT;-33.9648;18.6017;Cape Town
CPV;-7.2699;-35.8964;Campina Grande
CPX;18.3133;-65.3043;Culebra Island
CQA;-13.5744;-52.2706;Canarana
CQD;32.2972;50.8422;Shahre Kord
CQF;50.9621;1.9548;Calais
CQM;38.8564;-3.9700;Ciudad Real
CQS;-12.4211;-64.2516;COSTA MARQUES
CRA;44.3181;23.8886;Craiova
CRC;4.7582;-75.9557;Cartago
CRD;-45.7853;-67.4655;Comodoro Rivadavia
CRE;33.8117;-78.7239;North Myrtle Beach
CRG;30.3363;-81.5144;Jacksonville
CRI;22.7456;-74.1824;Colonel Hill
CRK;15.1860;120.5600;Angeles City
CRL;50.4592;4.4538;Charleroi
CRM;12.5024;124.6360;Catarman
CRP;27.7704;-97.5012;Corpus Christi
CRQ;-17.6523;-39.2531;Caravelas
CRV;38.9972;17.0802;Crotone
CRW;38.3731;-81.5932;Charleston
CRZ;39.0833;63.6133;Chardzhou
CSA;56.0575;-6.2431;Colonsay
CSB;45.4200;22.2533;Caransebes
CSF;49.2535;2.5191;Creil
CSG;32.5163;-84.9389;Columbus
CSH;65.0300;35.7333;Solovetsky Islands
CSK;12.3953;-16.7480;Cap Skiring
CSM;35.3398;-99.2005;Clinton
CSO;51.8564;11.4203;Cochstedt
CSV;35.9513;-85.0850;Crossville
CSX;28.1892;113.2200;Changcha
CSY;56.0903;47.3473;Cheboksary
CSZ;-37.4461;-61.8893;Colonel Suarez
CTA;37.4668;15.0664;Catania
CTB;48.6084;-112.3760;Cutbank
CTC;-28.5956;-65.7517;Catamarca
CTD;7.9878;-80.4097;Chitré
CTG;10.4424;-75.5130;Cartagena
CTH;39.9790;-75.8655;Coatesville
CTL;-26.4133;146.2620;Charlieville
CTM;18.5047;-88.3268;Chetumal
CTN;-15.4447;145.1840;Cooktown
CTS;42.7752;141.6920;Sapporo
CTT;43.2525;5.7852;Le Castellet
CTU;30.5785;103.9470;Chengdu
CTY;29.6355;-83.1048;Cross City
CUA;25.0538;-111.6150;Ciudad Constitución
CUB;33.9705;-80.9952;Columbia
CUC;7.9276;-72.5115;Cucuta
CUD;-26.8000;153.1000;Caloundra
CUE;-2.8895;-78.9844;Cuenca
CUF;44.5470;7.6232;Cuneo
CUH;35.9499;-96.7731;Cushing
CUL;24.7645;-107.4750;Culiacan
CUM;10.4503;-64.1305;Cumana
CUN;21.0365;-86.8771;Cancun
CUP;10.6600;-63.2617;Carupano
CUQ;-13.7611;143.1133;Coen
CUR;12.1889;-68.9598;Willemstad
CUT;-38.9397;-69.2646;Cutralco
CUU;28.7029;-105.9650;Chihuahua
CUZ;-13.5357;-71.9388;Cuzco
CVC;-33.7097;136.5050;Cleve Airport
CVE;9.4009;-75.6913;Coveñas
CVF;45.3967;6.6347;Courcheval
CVG;39.0488;-84.6678;Cincinnati
CVJ;18.8348;-99.2613;Cuernavaca
CVM;23.7033;-98.9565;Ciudad Victoria
CVN;34.4251;-103.0790;Clovis
CVO;44.4972;-123.2900;Corvallis
CVQ;-24.8802;113.6717;Carnarvon
CVS;34.3828;-103.3220;Clovis
CVT;52.3697;-1.4797;Coventry
CVU;39.6715;-31.1136;Corvo
CWA;44.7776;-89.6668;Wassau
CWB;-25.5285;-49.1758;Curitiba
CWC;48.2593;25.9808;Chernovtsk
CWE;30.1164;30.9154;Cairo
CWI;41.8311;-90.3291;Clinton
CWJ;23.2739;99.3736;Cangyuan
CWL;51.3967;-3.3433;Cardiff
CWT;-33.8447;148.6490;Chatsworth
CWW;-35.9947;146.3570;Corowa Airport
CXA;7.6255;-66.1628;Caicara De Orinoco
CXB;21.4522;91.9639;Cox's Bazar
CXH;49.2944;-123.1110;Vancouver
CXI;1.9862;-157.3500;Kiritimati
CXJ;-29.1971;-51.1875;Caxias Do Sul
CXL;32.6695;-115.5130;Calexico
CXO;30.3518;-95.4145;Conroe
CXP;-7.6451;109.0340;Cilacap
CXR;11.9982;109.2190;Nha Trang
CYA;18.2711;-73.7883;Cayes
CYB;19.6870;-79.8828;Cayman Brac
CYF;60.1492;-164.2860;Chefornak
CYG;-36.1828;147.8880;Corryong Airport
CYI;23.4618;120.3930;Chiayi
CYO;21.6165;-81.5460;Cayo Largo del Sur
CYP;12.0727;124.5450;Calbayog City
CYR;-34.4564;-57.7706;Colonia
CYS;41.1557;-104.8120;Cheyenne
CYT;60.0810;-142.4945;Yakataga
CYU;10.8581;121.0690;Cuyo
CYW;20.5460;-100.8870;Celaya
CYX;68.7406;161.3380;Cherskiy
CYZ;16.9299;121.7530;Cauayan
CZA;20.6413;-88.4462;Chichen Itza
CZE;11.4149;-69.6809;Coro
CZF;61.7803;-166.0390;Cape Romanzof
CZL;36.2760;6.6204;Constantine
CZM;20.5224;-86.9256;Cozumel
CZS;-7.5999;-72.7695;Cruzeiro do Sul
CZU;9.3327;-75.2856;Corozal
CZX;31.9197;119.7790;Changzhou
DAA;38.7150;-77.1810;Fort Belvoir
DAB;29.1799;-81.0581;Daytona Beach
DAC;23.8433;90.3978;Dhaka
DAD;16.0439;108.1990;Danang
DAG;34.8537;-116.7870;Daggett
DAL;32.8471;-96.8518;Dallas
DAM;33.4115;36.5156;Damascus
DAN;36.5729;-79.3361;Danville
DAR;-6.8781;39.2026;Dar Es Salaam
DAT;40.0603;113.4820;Datong
DAU;-9.0868;143.2080;Daru
DAV;8.3910;-82.4350;David
DAX;31.1302;107.4295;Dazhou
DAY;39.9024;-84.2194;Dayton
DBA;28.8783;64.3998;Dalbandin
DBB;30.9245;28.4614;Dabaa City
DBC;45.5053;123.0197;Baicheng
DBD;23.8340;86.4253;Dhanbad
DBM;10.3500;37.7170;Debre Marqos
DBN;32.5644;-82.9853;Dublin
DBO;-32.2167;148.5750;Dubbo
DBQ;42.4020;-90.7095;Dubuque IA
DBT;11.9670;38.0000;Debre Tabor
DBV;42.5614;18.2682;Dubrovnik
DCA;38.8521;-77.0377;Washington
DCF;15.3367;-61.3922;Canefield
DCI;39.3542;8.9725;Decimomannu
DCM;43.5563;2.2892;Castres
DCN;-17.5814;123.8280;Derby
DCT;22.1818;-75.7295;Duncan Town
DCU;34.6527;-86.9454;Decatur
DCY;29.3231;100.0533;Daocheng
DDC;37.7634;-99.9656;Dodge City
DDG;40.0247;124.2860;Dandong
DEA;29.9610;70.4859;Dera Ghazi Khan
DEB;47.4889;21.6153;Debrecen
DEC;39.8346;-88.8657;Decatur
DED;30.1897;78.1803;Dehra Dun
DEE;43.9584;145.6830;Yuzhno-Kurilsk
DEF;32.4344;48.3976;Dezful
DEL;28.5665;77.1031;Delhi
DEM;8.5540;34.8580;Dembidollo
DEN;39.8617;-104.6730;Denver
DES;-5.6967;53.6558;Desroches
DET;42.4092;-83.0099;Detroit
DEX;-4.8557;139.4820;Dekai
DEZ;35.2854;40.1760;Deire Zor
DFW;32.8968;-97.0380;Dallas-Fort Worth
DGE;-32.5625;149.6110;Mudgee
DGL;31.3426;-109.5060;Douglas
DGO;24.1242;-104.5280;Durango
DGP;55.9447;26.6650;Daugavpils
DGT;9.3337;123.3000;Dumaguete
DHA;26.2654;50.1520;Dhahran
DHF;24.2482;54.5477;Abu Dhabi
DHI;28.7533;80.5819;Dhangarhi
DHM;32.1651;76.2634;Kangra
DHN;31.3213;-85.4496;Dothan
DHR;52.9234;4.7806;De Kooy
DHT;36.0226;-102.5470;Dalhart
DIA;25.2611;51.5651;Doha
DIB;27.4839;95.0169;Mohanbari
DIE;-12.3494;49.2917;Antsiranana
DIG;27.7936;99.6772;Shangri-La
DIJ;47.2689;5.0900;Dijon
DIK;46.7974;-102.8020;Dickinson
DIL;-8.5464;125.5260;Dili
DIN;21.3975;103.0080;Dienbienphu
DIQ;-20.1807;-44.8709;Divinopolis
DIR;9.6247;41.8542;Dire Dawa
DIS;-4.2063;12.6599;Loubomo
DIU;20.7131;70.9211;Diu
DIY;37.8939;40.2010;Diyabakir
DJB;-1.6380;103.6440;Jambi
DJE;33.8750;10.7755;Djerba
DJG;24.2928;9.4524;Djanet
DJJ;-2.5770;140.5160;Jayapura
DJO;6.7928;-6.4732;Daloa
DKI;-17.9417;146.1400;Dunk Island
DKK;42.4933;-79.2720;Dunkirk
DKR;14.7397;-17.4902;Dakar
DKS;73.5178;80.3797;Dikson
DKV;-24.8600;129.0700;Docker River
DLA;4.0061;9.7195;Douala
DLC;38.9657;121.5390;Dalian
DLD;60.4173;8.5183;Geilo
DLE;47.0427;5.4351;Dole
DLF;29.3595;-100.7780;Del Rio
DLG;59.0447;-158.5050;Dillingham
DLH;46.8421;-92.1936;Duluth
DLI;11.7500;108.3670;Dalat
DLK;-29.0133;138.4810;Dulkaninna
DLM;36.7131;28.7925;Dalaman
DLS;45.6185;-121.1670;The Dalles
DLU;25.6494;100.3190;Dali
DLY;-18.7694;169.0010;Dillon's Bay
DLZ;43.5917;104.4300;Dalanzadgad
DMA;32.1665;-110.8830;Tucson
DMB;42.8536;71.3036;Dzhambul
DMD;-17.9403;138.8220;Doomadgee
DME;55.4088;37.9063;Moscow
DMK;13.9126;100.6070;Bangkok
DMM;26.4712;49.7979;Dammam
DMN;32.2623;-107.7210;Deming
DMT;-14.3769;-56.4004;Diamantino
DMU;25.8839;93.7711;Dimapur
DNA;26.3556;127.7680;Kadena
DND;56.4525;-3.0258;Dundee
DNH;40.1611;94.8092;Dunhuang
DNK;48.3572;35.1006;Dnepropetrovsk
DNL;33.4665;-82.0394;Augusta
DNN;34.7229;-84.8702;Dalton
DNP;28.1111;82.2942;Dang
DNQ;-35.5594;144.9460;Deniliquin
DNR;48.5877;-2.0800;Dinard
DNV;40.1992;-87.5959;Danville
DNZ;37.7856;29.7013;Denizli
DOB;-5.7722;134.2120;Dobo
DOD;-6.1704;35.7526;Dodoma
DOG;19.1539;30.4301;Dongola
DOH;25.2731;51.6081;Doha
DOK;48.0736;37.7397;Donetsk
DOL;49.3653;0.1543;Deauville
DOM;15.5470;-61.3000;Dominica
DOP;28.9857;82.8191;Dolpa
DOU;-22.2019;-54.9266;Dourados
DOV;39.1295;-75.4660;Dover
DOY;37.5086;118.7880;Dongying
DPA;41.9078;-88.2486;West Chicago
DPL;8.6020;123.3419;Dipolog
DPO;-41.1697;146.4300;Devonport
DPS;-8.7482;115.1670;Denpasar
DQA;46.7464;125.1406;Daqing
DQM;19.5019;57.6342;Duqm
DRA;36.6194;-116.0330;Mercury
DRB;-17.3700;123.6610;Derby
DRE;46.0093;-83.7439;Drummond Island
DRG;66.0696;-162.7660;Deering
DRI;30.8317;-93.3399;Deridder
DRJ;4.1114;-54.6728;Drietabbetje
DRK;8.7189;-83.6417;Puntarenas
DRN;-28.5917;148.2170;Dirranbandi Airport
DRO;37.1515;-107.7540;Durango
DRS;51.1328;13.7672;Dresden
DRT;29.3742;-100.9270;Del Rio
DRV;5.1561;73.1302;DHARAVANDHOO
DRW;-12.4147;130.8770;Darwin
DSA;53.4805;-1.0107;Doncaster, Sheffield
DSD;16.2969;-61.0844;Grande Anse
DSE;11.0825;39.7114;Dessie
DSI;30.4001;-86.4715;Destin
DSK;31.9094;70.8966;Dera Ismael Khan
DSM;41.5340;-93.6631;Des Moines
DSN;39.4900;109.8614;Dongsheng
DSO;39.7452;127.4740;Hamhung
DSS;14.6700;-17.0733;Diass
DTA;39.3806;-112.5080;Delta
DTB;2.2597;98.9919;Siborong-Borong
DTD;0.8106;114.5306;Datadawai-Borneo Island
DTE;14.1292;122.9800;Daet
DTI;-18.2320;-43.6504;Diamantina
DTM;51.5183;7.6122;Dortmund
DTN;32.5402;-93.7450;Shreveport
DTU;48.4450;126.1330;Wudalianchi
DTW;42.2124;-83.3534;Detroit
DUB;53.4213;-6.2701;Dublin
DUC;34.4709;-97.9599;Duncan
DUD;-45.9281;170.1980;Dunedin
DUE;-7.4009;20.8185;Dundo
DUG;31.4690;-109.6040;Douglas
DUJ;41.1783;-78.8987;Du Bois
DUM;1.6092;101.4340;Dumai
DUR;-29.6144;31.1197;Durban
DUS;51.2895;6.7668;Duesseldorf
DUT;53.9001;-166.5440;Unalaska
DVL;48.1142;-98.9088;Devils Lake
DVO;7.1255;125.6460;Davao
DVT;33.6883;-112.0830;Phoenix
DWA;-12.5183;34.1319;Dwangwa
DWB;-16.1017;45.3588;Soalala
DWC;24.8964;55.1614;Dubai
DWD;24.4499;44.1212;King Salman Abdulaziz Airport
DWH;30.0618;-95.5528;Houston
DXB;25.2528;55.3644;Dubai
DXR;41.3715;-73.4822;Danbury
DYA;-22.6222;148.3640;Dysart Airport
DYG;29.1028;110.4430;Dayong
DYL;40.3330;-75.1223;Doylestown
DYR;64.7349;177.7410;Anadyr
DYS;32.4208;-99.8546;Abilene
DYU;38.5433;68.8250;Dushanbe
DZA;-12.8047;45.2811;Dzaoudzi
DZN;47.7083;67.7333;Zhezkazgan
DZO;-33.3589;-56.4992;Durazno
EAA;64.7764;-141.1510;Eagle
EAE;-17.0903;168.3430;Sangafa
EAM;17.6114;44.4192;Nejran
EAS;43.3565;-1.7906;San Sebastian
EAT;47.3989;-120.2070;Wenatchee
EAU;44.8658;-91.4843;Eau Claire
EBA;42.7603;10.2394;Marina Di Campo
EBB;0.0424;32.4435;Entebbe
EBD;13.1532;30.2327;El Obeid
EBG;7.5965;-74.8089;El Bagre
EBH;33.7217;1.0925;El Bayadh
EBJ;55.5259;8.5534;Esbjerg
EBL;36.2376;43.9632;Erbil
EBM;31.7043;9.2546;El Borma
EBU;45.5406;4.2964;St-Etienne
ECA;44.3128;-83.4223;East Tawas
ECG;36.2606;-76.1746;Elizabeth City
ECH;-36.1572;144.7620;Echuca Airport
ECI;11.4275;-86.0334;Tola
ECN;35.1547;33.4961;Nicosia
ECP;30.3571;-85.7954;Panama City
ECV;40.3707;-3.7851;Madrid
EDD;-25.2058;133.2540;Erldunda
EDF;61.2510;-149.8070;Anchorage
EDI;55.9500;-3.3725;Edinburgh
EDL;0.4045;35.2389;Eldoret
EDM;46.7019;-1.3786;La Roche-sur-yon
EDO;39.5546;27.0138;Balikesir Korfez
EDR;-14.8965;141.6091;Pormpuraaw
EDW;34.9054;-117.8840;Edwards Afb
EED;34.7663;-114.6230;Needles
EEK;60.2137;-162.0439;Eek
EEN;42.8984;-72.2708;Keene
EFD;29.6073;-95.1588;Houston
EFG;-9.1538;147.6598;Efogi
EFL;38.1201;20.5005;Keffallinia
EGC;44.8253;0.5186;Bergerac
EGE;39.6426;-106.9180;Vail
EGH;31.0686;34.1296;El Gorah
EGI;30.6504;-86.5229;Crestview
EGM;-8.5789;157.8760;Sege
EGN;13.4817;22.4672;Geneina
EGO;50.6438;36.5901;Belgorod
EGS;65.2833;-14.4014;Egilsstadir
EGV;45.9323;-89.2683;Eagle River
EGX;58.1855;-157.3750;Egegik
EHL;-41.9432;-71.5323;El Bolson
EHM;58.6464;-162.0630;Cape Newenham
EIB;50.9916;10.4797;Eisenach
EIE;58.4742;92.1125;Yeniseysk
EIK;46.6800;38.2100;Eysk
EIL;64.6657;-147.1020;Fairbanks
EIN;51.4501;5.3745;Eindhoven
EIS;18.4448;-64.5430;Tortola
EIY;30.6217;35.2033;Eyn-yahav
EJA;7.0243;-73.8068;Barrancabermeja
EJH;26.1986;36.4764;Wejh
EJN;42.0155;101.0005;Ejin Banner
EKA;40.8034;-124.1130;Eureka
EKB;51.5910;75.2150;Ekibastuz
EKI;41.7194;-86.0032;Elkhart
EKN;38.8894;-79.8571;Elkins
EKO;40.8249;-115.7920;Elko
EKS;49.1903;142.0830;Shakhtyorsk
EKT;59.3511;16.7084;Eskilstuna
ELB;9.0455;-73.9749;El Banco
ELC;-12.0194;135.5710;Elcho Island
ELD;33.2210;-92.8133;El Dorado
ELF;13.6149;25.3246;El Fasher
ELG;30.5713;2.8596;El Golea
ELH;25.4749;-76.6835;North Eleuthera
ELI;64.6147;-162.2720;Elim
ELM;42.1599;-76.8916;Elmira
ELO;-26.3975;-54.5747;El Dorado
ELP;31.8072;-106.3780;El Paso
ELQ;26.3028;43.7744;Gassim
ELS;-33.0356;27.8259;East London
ELT;28.2090;33.6455;El-tor
ELU;33.5114;6.7768;Guemar
ELV;58.1952;-136.3470;Elfin Cove
ELY;39.2997;-114.8420;Ely
EMA;52.8311;-1.3281;East Midlands
EMD;-23.5675;148.1790;Emerald
EME;53.3911;7.2275;Emden
EMK;62.7861;-164.4910;Emmonak
EML;47.0924;8.3052;Emmen
EMN;16.6220;-7.3166;Nema
EMP;38.3321;-96.1912;Kempten
EMT;34.0861;-118.0350;El Monte
ENA;60.5731;-151.2450;Kenai
ENC;48.6921;6.2305;Nancy
END;36.3392;-97.9165;Enid
ENE;-8.8493;121.6610;Ende
ENF;68.3626;23.4243;Enontekio
ENH;30.3203;109.4850;Enshi
ENK;54.3989;-7.6517;Enniskillen
ENN;64.5473;-149.0740;Nenana
ENO;-27.2274;-55.8375;Encarnacion
ENS;52.2758;6.8892;Enschede
ENT;11.3407;162.3280;Eniwetok Atoll
ENU;6.4743;7.5620;Enugu
ENV;40.7187;-114.0310;Wendover
ENW;42.5957;-87.9278;Kenosha
ENY;36.6369;109.5540;Yan'an
EOH;6.2205;-75.5906;Medellin
EOI;59.1906;-2.7722;Eday
EOK;40.4599;-91.4285;Keokuk
EOR;6.7333;-61.5833;El Dorado
EOZ;7.0833;-69.5333;Elorza
EPA;-34.6099;-58.6126;El Palomar
EPL;48.3250;6.0700;Epinal
EPR;-33.6844;121.8230;Esperance
EPU;58.4190;24.4728;Parnu
EQS;-42.9080;-71.1395;Esquel
ERC;39.7102;39.5270;Erzincan
ERD;46.8150;36.7581;Berdyansk
ERF;50.9798;10.9581;Erfurt
ERG;61.2750;108.0300;Yerbogachen
ERH;31.9475;-4.3983;Er-rachidia
ERI;42.0831;-80.1739;Erie
ERL;43.4225;112.0967;Erenhot
ERM;-27.6619;-52.2683;Erechim
ERN;-6.6395;-69.8798;Eirunepe
ERS;-22.6122;17.0804;Windhoek
ERV;29.9767;-99.0857;Kerrville
ERZ;39.9565;41.1702;Erzurum
ESB;40.1281;32.9951;Ankara
ESC;45.7227;-87.0937;Escanaba
ESD;48.7082;-122.9100;Eastsound
ESE;31.7953;-116.6030;Ensenada
ESF;31.3949;-92.2958;Alexandria
ESG;-22.0500;-60.6200;Mariscal Estigarribia
ESH;50.8356;-0.2972;Shoreham By Sea
ESK;39.7841;30.5821;Eskisehir
ESL;46.3739;44.3309;Elista
ESM;0.9785;-79.6266;Esmeraldas
ESN;38.8042;-76.0690;Easton
ESR;-26.3111;-69.7652;El Salvador
ESS;51.4023;6.9373;Essen
ESU;31.3975;-9.6817;Essadouira
ETB;43.4222;-88.1279;WEST BEND
ETH;29.5613;34.9601;Elat
ETM;29.7237;35.0114;Eilat
ETR;-3.4420;-79.9970;Santa Rosa
ETS;31.2997;-85.8999;Enterprise
ETZ;48.9821;6.2513;Metz
EUA;-21.3783;-174.9580;Eua Island
EUF;31.9513;-85.1289;Eufala
EUG;44.1246;-123.2120;Eugene
EUM;54.0794;9.9414;Neumuenster
EUN;27.1517;-13.2192;El Aaiún
EUQ;10.7660;121.9330;San Jose
EUX;17.4965;-62.9794;Oranjestad
EVE;68.4913;16.6781;Harstad/Narvik
EVG;62.0478;14.4229;Sveg
EVN;40.1473;44.3959;Yerevan
EVV;38.0370;-87.5324;Evansville
EVW;41.2748;-111.0350;Evanston
EVX;49.0287;1.2199;Evreux
EWB;41.6761;-70.9569;New Bedford
EWK;38.0582;-97.2745;Newton
EWN;35.0730;-77.0429;New Bern
EWR;40.6925;-74.1687;Newark
EXT;50.7344;-3.4139;Exeter
EYK;63.6869;66.6986;Beloyarsky
EYP;5.3191;-72.3840;Yopal
EYW;24.5561;-81.7596;Key West
EZE;-34.8222;-58.5358;Buenos Aires
EZS;38.6069;39.2914;Elazig
EZV;63.9210;65.0305;Berezovo
FAA;10.0355;-10.7698;Faranah
FAB;51.2758;-0.7763;Farnborough
FAC;-16.6867;-145.3290;Faaite
FAE;62.0636;-7.2772;Vagar
FAF;37.1325;-76.6088;Fort Eustis
FAH;32.3670;62.1830;Farah
FAI;64.8151;-147.8560;Fairbanks
FAJ;18.3089;-65.6619;Fajardo
FAN;58.0995;6.6260;Farsund
FAO;37.0144;-7.9659;Faro
FAR;46.9207;-96.8158;Fargo
FAT;36.7762;-119.7180;Fresno
FAV;-16.0541;-145.6570;Fakarava
FAY;34.9912;-78.8803;Fayetteville
FAZ;28.8918;53.7233;Fasa
FBA;-2.5326;-66.0832;Fonte Boa
FBD;37.1211;70.5181;Faizabad
FBE;-26.0592;-53.0635;Francisco Beltrao
FBG;35.1318;-78.9367;Fredericksburg
FBK;64.8375;-147.6140;Fort Wainwright
FBM;-11.5913;27.5309;Lubumashi
FBR;41.3919;-110.4070;Fort Bridger
FBU;59.8958;10.6172;Oslo
FCA;48.3105;-114.2560;Kalispell
FCB;-28.8231;27.9089;Ficksburg
FCM;44.8272;-93.4571;Eden Prairie
FCN;53.7677;8.6585;Nordholz
FCO;41.8003;12.2389;Rome
FCS;38.6784;-104.7570;Fort Carson
FDF;14.5910;-61.0032;Fort-de-france
FDH;47.6713;9.5115;Friedrichshafen
FDO;-34.4532;-58.5896;San Fernando
FDU;-3.3113;17.3817;Bandoundu
FDY;41.0135;-83.6687;Findley
FEG;40.3588;71.7450;Fergana
FEL;48.2056;11.2669;Fuerstenfeldbruck
FEN;-3.8549;-32.4233;Fernando Do Noronha
FET;41.4491;-96.5202;Fremont
FEZ;33.9273;-4.9780;Fes
FFA;36.0182;-75.6713;Kill Devil Hills
FFD;51.6822;-1.7900;Fairford
FFO;39.8261;-84.0483;Dayton
FFT;38.1825;-84.9047;Frankfort
FFU;-43.1892;-71.8511;Futaleufu
FGI;-13.8487;-171.7400;Apia
FGU;-15.8199;-140.8870;Fangatau
FHU;31.5885;-110.3440;Fort Huachuca
FIE;59.5358;-1.6281;Fair Isle
FIG;10.3506;-13.5692;Fira
FIH;-4.3857;15.4446;Kinshasa
FIK;-25.5947;134.5830;Finke
FIZ;-18.1819;125.5590;Fitzroy Crossing
FJR;25.1122;56.3240;Fujeirah
FKB;48.7794;8.0805;Karlsruhe/Baden-Baden
FKI;0.4816;25.3380;Kisangani
FKJ;36.1428;136.2240;Fukui
FKL;41.3779;-79.8604;Franklin
FKQ;-2.9202;132.2670;Fak Fak
FKS;37.2274;140.4310;Fukushima
FLA;1.5892;-75.5644;Florencia
FLB;-6.8464;-43.0773;Floriano
FLD;43.7712;-88.4884;Fond du Lac
FLF;54.7733;9.3789;Flensburg
FLG;35.1385;-111.6710;Flagstaff
FLL;26.0726;-80.1527;Fort Lauderdale
FLN;-27.6703;-48.5525;Florianopolis
FLO;34.1854;-79.7239;Florence
FLP;36.2909;-92.5903;Flippin
FLR;43.8100;11.2051;Florence
FLS;-40.0917;147.9930;Flinders Island
FLV;39.3683;-94.9147;Fort Leavenworth
FLW;39.4553;-31.1314;Flores
FLZ;1.5559;98.8889;Sibolga
FMA;-26.2127;-58.2281;Formosa
FME;39.0854;-76.7594;Fort Meade
FMH;41.6584;-70.5214;Falmouth
FMI;-5.8756;29.2500;Kalemie
FMM;47.9888;10.2395;Memmingen
FMN;36.7412;-108.2300;Farmington
FMO;52.1346;7.6848;Munster
FMY;26.5866;-81.8633;Fort Myers
FNA;8.6164;-13.1955;Freetown
FNB;53.6022;13.3060;Neubrandenburg
FNC;32.6979;-16.7745;Funchal
FNI;43.7574;4.4163;Nimes
FNJ;39.2241;125.6700;Pyongyang
FNL;40.4518;-105.0110;Fort Collins
FNR;58.2544;-134.8980;Funter Bay
FNT;42.9654;-83.7436;Flint
FNU;39.8953;8.6427;Oristano
FOC;25.9351;119.6630;Fuzhou
FOD;42.5515;-94.1926;Fort Dodge
FOE;38.9509;-95.6636;Topeka
FOG;41.4329;15.5350;Foggia
FOK;40.8437;-72.6318;West Hampton Beach
FOM;5.6369;10.7508;Foumban
FON;10.4780;-84.6345;La Fortuna/San Carlos
FOR;-3.7763;-38.5326;Fortaleza
FOS;-30.8381;128.1150;Forrest
FPO;26.5587;-78.6956;Freeport
FPR;27.4951;-80.3683;Fort Pierce
FRA;50.0333;8.5706;Frankfurt
FRB;-33.3636;147.9350;Forbes
FRC;-20.5922;-47.3829;Franca
FRD;48.5220;-123.0240;Friday Harbor
FRE;-8.1075;159.5770;Fera Island
FRG;40.7288;-73.4134;Farmingdale
FRI;39.0553;-96.7645;Fort Riley
FRJ;43.4175;6.7357;Frejus
FRL;44.1948;12.0701;Forli
FRN;61.2664;-149.6530;Fort Richardson
FRO;61.5836;5.0247;Floro
FRS;16.9138;-89.8664;Flores
FRU;43.0613;74.4776;Bishkek
FRW;-21.1596;27.4745;Francistown
FRY;43.9911;-70.9479;Fryeburg
FRZ;51.1146;9.2860;Fritzlar
FSC;41.5006;9.0978;Figari
FSD;43.5820;-96.7419;Sioux Falls
FSI;34.6498;-98.4022;Fort Sill
FSM;35.3366;-94.3674;Fort Smith
FSP;46.7629;-56.1731;St.-pierre
FSS;57.6494;-3.5606;Kinloss
FST;30.9157;-102.9160;Fort Stockton
FTA;-19.5164;170.2320;Futuna Island
FTE;-50.2803;-72.0531;El Calafate
FTI;-14.2172;-169.4250;Fiti\'uta
FTK;37.9071;-85.9721;Fort Knox
FTU;-25.0381;46.9561;Tolagnaro
FTW;32.8198;-97.3624;Fort Worth
FTX;-0.5314;15.9501;Owando
FTY;33.7791;-84.5214;Atlanta
FUE;28.4527;-13.8638;Fuerteventura
FUG;32.8822;115.7344;Fuyang
FUJ;32.6663;128.8330;Fukue
FUK;33.5859;130.4510;Fukuoka
FUL;33.8720;-117.9800;Fullerton
FUN;-8.5250;179.1960;Funafuti
FUO;23.0833;113.0700;Foshan
FUT;-14.3114;-178.0660;Futuna Island
FWA;40.9785;-85.1951;Fort Wayne
FWH;32.7692;-97.4415;Dallas
FXE;26.1973;-80.1707;Fort Lauderdale
FXO;-14.8150;36.5300;Cuamba
FYJ;48.1995;134.3664;Fuyuan
FYN;46.8042;89.5120;Fuyun
FYT;17.9171;19.1111;Faya-largeau
FYU;66.5715;-145.2500;Fort Yukon
FYV;36.0051;-94.1701;Fayetteville
FZO;51.5194;-2.5908;Bristol
GAD;33.9726;-86.0890;Gadsden
GAE;33.8769;10.1033;Gabes
GAF;34.4220;8.8225;Gafsa
GAH;-25.6144;151.6190;Gayndah
GAI;39.1683;-77.1660;Gaithersburg
GAJ;38.4119;140.3710;Yamagata
GAL;64.7362;-156.9370;Galena
GAM;63.7668;-171.7330;Gambell
GAN;-0.6933;73.1556;Gan Island
GAO;20.0853;-75.1583;Guantanamo
GAQ;16.2484;-0.0055;Gao
GAS;-0.4635;39.6483;Garissa
GAU;26.1061;91.5859;Guwahati
GAY;24.7443;84.9512;Gaya
GBA;51.6681;-2.0569;Pailton
GBB;40.8267;47.7125;Qabala
GBD;38.3443;-98.8592;Great Bend
GBE;-24.5552;25.9182;Gaberone
GBG;40.9380;-90.4311;Galesburg
GBJ;15.8687;-61.2700;Grand Bourg
GBK;7.7670;-12.3830;Gbangbatok
GBT;36.9094;54.4013;Gorgan
GBZ;-36.2414;175.4720;Claris
GCC;44.3489;-105.5390;Gillette
GCH;30.3376;50.8280;Gachsaran
GCI;49.4350;-2.6020;Guernsey
GCJ;-25.9863;28.1401;Johannesburg
GCK;37.9275;-100.7240;Garden City
GCM;19.2928;-81.3577;Georgetown
GCN;35.9524;-112.1470;Grand Canyon
GDC;34.7583;-82.3764;Greenville
GDE;5.9351;43.5786;Gode
GDL;20.5218;-103.3110;Guadalajara
GDN;54.3776;18.4662;Gdansk
GDO;7.2333;-70.8000;Guasdualito
GDQ;12.5199;37.4340;Gondar
GDT;21.4445;-71.1423;Cockburn Town
GDV;47.1387;-104.8070;Glendive
GDW;43.9706;-84.4750;Gladwin
GDX;59.9110;150.7200;Magadan
GDZ;44.5821;38.0125;Gelendzhik
GEA;-22.2583;166.4730;Noumea
GEC;35.2359;33.7244;Geçitkale
GED;38.6892;-75.3589;Georgetown
GEG;47.6199;-117.5340;Spokane
GEL;-28.2817;-54.1691;Santo Angelo
GEO;6.4985;-58.2541;Georgetown
GER;21.8347;-82.7838;Nueva Gerona
GES;6.0580;125.0960;Romblon
GET;-28.7961;114.7070;Geraldton
GEV;67.1324;20.8146;Gallivare
GEX;-38.2250;144.3330;Geelong
GFF;-34.2508;146.0670;Griffith
GFK;47.9493;-97.1761;Grand Forks
GFL;43.3412;-73.6103;Queensbury
GFN;-29.7594;153.0300;Grafton
GFO;6.3589;-58.6552;Bartica
GFR;48.8831;-1.5642;Granville
GFY;-19.6022;18.1227;Grootfontein
GGE;33.3117;-79.3196;Georgetown
GGG;32.3840;-94.7115;Longview
GGM;0.2713;34.7873;Kakamega
GGS;-48.7831;-70.1500;Gobernador Gregores
GGT;23.5626;-75.8780;Great Exuma
GGW;48.2125;-106.6150;Glasgow
GHA;32.3841;3.7941;Ghardaia
GHB;25.2847;-76.3310;Governor's Harbor
GHC;25.7383;-77.8401;Bullocks Harbour
GHF;49.6481;9.9665;Giebelstadt
GHT;25.1456;10.1426;Ghat
GHU;-33.0103;-58.6131;Gualeguaychu
GIB;36.1512;-5.3497;Gibraltar
GIC;-9.2328;142.2180;Boigu
GID;-3.4172;29.9113;Gitega
GIF;28.0629;-81.7533;Winter Haven
GIG;-22.8100;-43.2506;Rio De Janeiro
GII;11.4330;-9.1670;Siguiri
GIL;35.9188;74.3336;Gilgit
GIR;4.2762;-74.7967;Girardot
GIS;-38.6633;177.9780;Gisborne
GIT;-2.8137;32.1725;Geita
GIU;7.9567;80.7285;Sigiriya
GIZ;16.9011;42.5858;Gizan
GJA;16.4454;-85.9066;Guanaja
GJL;36.7951;5.8736;Jijel
GJM;-10.7864;-65.2848;Guajara-mirim
GJR;65.9953;-21.3269;Gjogur
GJT;39.1224;-108.5270;Grand Junction
GKA;-6.0817;145.3920;Goroka
GKE;50.9608;6.0424;Geilenkirchen
GKK;0.7324;73.4336;Kooddoo
GKL;-23.1833;150.9420;Great Keppel Island
GKN;62.1549;-145.4570;Gulkana
GLA;55.8719;-4.4331;Glasgow
GLD;39.3706;-101.6990;Goodland
GLF;8.6540;-83.1822;Golfito
GLH;33.4829;-90.9856;Greenville
GLI;-29.6750;151.6890;Glen Innes
GLK;6.7808;47.4547;Galcaio
GLO;51.8942;-2.1672;Golouchestershire
GLR;45.0135;-84.7036;GAYLORD
GLS;29.2653;-94.8604;Galveston
GLT;-23.8697;151.2230;Gladstone
GLU;26.8846;90.4641;Gelephu
GLV;64.5505;-163.0070;Golovin
GLW;37.0318;-85.9537;Glasgow
GLZ;51.5674;4.9318;Gilze-rijen
GMA;3.2354;19.7713;Gemena
GMB;8.1288;34.5631;Gambella
GMD;33.6554;-7.2214;Ben Slimane
GME;52.5270;31.0167;Gomel
GML;50.6035;30.1919;Kiev
GMO;10.2983;10.8964;Gombe
GMP;37.5583;126.7910;Seoul
GMQ;34.4181;100.3011;Golog
GMR;-23.0799;-134.8900;Totegegie
GMU;34.8479;-82.3500;Greenville
GMV;37.0167;-110.2010;Monument Valley
GMZ;28.0296;-17.2146;La Gomera
GNA;53.6020;24.0538;Hrodna
GNB;45.3629;5.3294;Grenoble
GND;12.0042;-61.7862;Point Salines
GNI;22.6739;121.4660;Green Island
GNM;-14.2082;-42.7461;Guanambi
GNR;-39.0007;-67.6205;Fuerte Gral Roca
GNS;1.1664;97.7047;Gunung Sitoli
GNT;35.1673;-107.9020;Grants
GNV;29.6901;-82.2718;Gainesville
GNY;37.4457;38.8956;Sanliurfa
GNZ;-21.6925;21.6581;Ghanzi
GOA;44.4133;8.8375;Genoa
GOB;7.1161;40.0463;Goba
GOH;64.1909;-51.6781;Godthaab
GOI;15.3808;73.8314;Goa
GOJ;56.2301;43.7840;Nizhniy Novgorod
GOM;-1.6708;29.2385;Goma
GON;41.3301;-72.0451;Groton CT
GOO;-28.5214;150.3200;Goondiwindi
GOP;26.7397;83.4497;Gorakhpur
GOQ;36.4006;94.7861;Golmud
GOR;8.1614;35.5529;Gore
GOT;57.6628;12.2798;Gothenborg
GOU;9.3359;13.3701;Garoua
GOV;-12.2694;136.8180;Gove
GOZ;43.1514;25.7129;Gorna Orechovica
GPA;38.1511;21.4256;Patras
GPB;-25.3875;-51.5202;Guarapuava
GPI;2.5701;-77.8986;Guapi
GPL;10.2172;-83.7970;Guapiles
GPN;-11.4025;130.4220;Pirlangimpi
GPO;-35.6962;-63.7583;General Pico
GPS;-0.4538;-90.2659;Galapagos
GPT;30.4073;-89.0701;Gulfport
GPZ;47.2111;-93.5098;Grand Rapids MN
GQQ;40.7534;-82.7238;Galion
GRB;44.4851;-88.1296;Green Bay
GRF;47.0792;-122.5810;Fort Lewis
GRI;40.9675;-98.3096;Grand Island
GRJ;-34.0056;22.3789;George
GRK;31.0672;-97.8289;Killeen
GRM;47.8383;-90.3829;Grand Marais
GRO;41.9010;2.7606;Gerona
GRP;-11.7396;-49.1322;Gurupi
GRQ;53.1197;6.5794;Groningen
GRR;42.8808;-85.5228;Grand Rapids
GRS;42.7597;11.0719;Grosseto
GRU;-23.4356;-46.4731;Sao Paulo
GRW;39.0922;-28.0298;Graciosa Island
GRX;37.1887;-3.7774;Granada
GRY;66.5458;-18.0173;Grímsey
GRZ;46.9911;15.4396;Graz
GSB;35.3394;-77.9606;Goldsboro
GSE;57.7747;11.8704;Gothenborg
GSI;4.2858;-54.3731;Grand-Santi
GSJ;13.9362;-90.8358;San Jose
GSO;36.0978;-79.9373;Greensboro
GSP;34.8957;-82.2189;Greenville
GSQ;22.5857;28.7166;Sharq Al-Owainat
GST;58.4253;-135.7070;Gustavus
GTE;-13.9750;136.4600;Groote Eylandt
GTF;47.4820;-111.3710;Great Falls
GTI;54.3833;13.3256;Ruegen
GTN;-43.9067;170.1280;Glentanner
GTO;0.6371;122.8500;Gorontalo
GTR;33.4503;-88.5914;Columbus Mississippi
GUA;14.5833;-90.5275;Guatemala City
GUB;28.0261;-114.0240;Guerrero Negro
GUC;38.5339;-106.9330;Gunnison
GUF;30.2905;-87.6718;Gulf Shores
GUH;-30.9611;150.2510;Gunnedah Airport
GUI;10.5741;-62.3127;Guiria
GUJ;-22.7916;-45.2048;Guaratingueta
GUL;-34.8103;149.7260;Goulburn
GUM;13.4834;144.7960;Agana
GUP;35.5111;-108.7890;Gallup
GUQ;9.0269;-69.7551;Guanare
GUR;-10.3115;150.3340;Gurney
GUS;40.6481;-86.1521;Peru
GUT;51.9228;8.3063;Guetersloh
GUU;64.9914;-23.2247;Grundarfjordur
GUW;47.1219;51.8214;Atyrau
GUX;24.6547;77.3473;Guna
GUY;36.6851;-101.5080;Guymon
GUZ;-20.6465;-40.4919;Guarapari
GVA;46.2381;6.1090;Geneva
GVL;34.2726;-83.8302;Gainesville
GVN;48.9270;140.0340;Sovetskaya Gavan
GVR;-18.8952;-41.9822;Governador Valadares
GVT;33.0678;-96.0653;Greenvile
GVX;60.5933;16.9514;Gavle
GWD;25.2333;62.3295;Gwadar
GWE;-19.4364;29.8619;Gwert
GWL;26.2933;78.2278;Gwalior
GWO;33.4943;-90.0847;Greenwood
GWT;54.9132;8.3405;Westerland
GWY;53.3002;-8.9416;Galway
GXF;15.9661;48.7883;Sayun Intl
GXG;-7.7545;15.2877;Negage
GXH;34.8105;102.6447;Xiahe city
GXQ;-45.5942;-72.1061;Coyhaique
GXY;40.4374;-104.6330;Greeley
GYA;-10.8206;-65.3456;Guayaramerín
GYD;40.4675;50.0467;Baku
GYE;-2.1574;-79.8836;Guayaquil
GYG;62.1035;129.5453;Yakutsk
GYI;-1.6772;29.2589;Gisenyi
GYL;-16.6369;128.4510;Argyle
GYM;27.9690;-110.9250;Guaymas
GYN;-16.6320;-49.2207;Goiania
GYR;33.4225;-112.3760;Goodyear
GYS;32.3911;105.7020;Guangyuan
GYU;36.0789;106.2169;Guyuan
GYY;41.6163;-87.4128;Gary
GZA;31.2464;34.2761;Gaza
GZI;33.5312;68.4129;Ghazni
GZM;36.0272;14.2728;Gozo
GZO;-8.0978;156.8640;Gizo
GZP;36.2992;32.3006;Alanya
GZT;36.9472;37.4787;Gaziantep
GZW;36.2401;50.0471;Ghazvin
HAA;70.4867;22.1397;Hasvik
HAC;33.1150;139.7860;Hachijojima
HAD;56.6911;12.8202;Halmstad
HAF;37.5134;-122.5010;Half Moon Bay
HAH;-11.5337;43.2719;Moroni
HAJ;52.4611;9.6851;Hannover
HAK;19.9349;110.4590;Haikou
HAM;53.6304;9.9882;Hamburg
HAN;21.2212;105.8070;Hanoi
HAO;39.3638;-84.5220;Hamilton
HAQ;6.7442;73.1705;Haa Dhaalu Atoll
HAR;40.2171;-76.8515;Harrisburg
HAS;27.4379;41.6863;Hail
HAU;59.3453;5.2084;Haugesund
HAV;22.9892;-82.4091;Havana
HAW;51.8331;-4.9611;Haverfordwest
HBA;-42.8361;147.5100;Hobart
HBE;30.9177;29.6964;Alexandria
HBG;31.2648;-89.2528;Hattiesburg
HBR;34.9913;-99.0513;Hobart
HBX;15.3617;75.0849;Hubli
HCJ;24.8050;107.6997;Hechi
HCN;22.0411;120.7300;Hengchun
HCQ;-18.2339;127.6700;Halls Creek
HCR;62.1883;-159.7750;Holy Cross
HCW;34.7129;-79.9570;Cheraw
HDD;25.3181;68.3661;Hyderabad
HDE;40.4521;-99.3365;Holdredge
HDF;53.8787;14.1523;Heringsdorf
HDG;36.5258;114.4256;Handan
HDH;21.5795;-158.1970;Dillingham
HDI;35.2201;-84.8324;Cleveland
HDM;34.8692;48.5525;Hamadan
HDN;40.4812;-107.2180;Hayden
HDR;27.1583;56.1725;Bandar Abbas
HDS;-24.3686;31.0487;Hoedspruit
HDY;6.9332;100.3930;Hat Yai
HEA;34.2100;62.2283;Herat
HEH;20.7470;96.7920;Heho
HEI;54.1533;8.9017;Büsum
HEK;50.1716;127.3089;Heihe
HEL;60.3172;24.9633;Helsinki
HEM;60.2546;25.0428;Helsinki
HER;35.3397;25.1803;Heraklion
HET;40.8514;111.8240;Hohhot
HEW;37.8933;23.7261;Athens
HEX;18.4697;-69.9694;Santo Domingo
HFA;32.8094;35.0431;Haifa
HFD;41.7367;-72.6494;Hartford
HFE;31.7800;117.2980;Hefei
HFN;64.2956;-15.2272;Hofn
HFS;60.0201;13.5789;Hagfors
HFT;70.6797;23.6686;Hammerfest
HGA;9.5182;44.0888;Hargeisa
HGD;-20.8150;144.2250;Hughenden
HGE;10.4625;-66.0928;Higuerote
HGH;30.2295;120.4340;Hangzhou
HGI;10.5292;32.5006;Higleig
HGL;54.1853;7.9158;Helgoland
HGN;19.3013;97.9758;Mae Hong Son
HGO;9.3872;-5.5567;Korhogo
HGR;39.7079;-77.7295;Hagerstown
HGS;8.3971;-13.1291;Freetown
HGU;-5.8268;144.2960;Mount Hagen
HHE;40.5564;141.4660;Hachinoe
HHH;32.2244;-80.6975;Hilton Head Island
HHI;21.4835;-158.0400;Wahiawa
HHN;49.9487;7.2639;Hahn
HHP;22.2894;114.1522;Hong Kong
HHQ;12.6362;99.9515;Prachuap Khiri Khan
HHR;33.9228;-118.3350;Hawthorne
HHZ;-17.5447;-142.6140;Hikueru
HIA;33.7908;119.1250;Huai An
HIB;47.3866;-92.8390;Hibbing
HID;-10.5864;142.2900;Horn Island
HIF;41.1240;-111.9731;Ogden
HII;34.5711;-114.3580;Lake Havasu City
HIJ;34.4361;132.9190;Hiroshima
HIM;8.0498;80.9814;Polonnaruwa Town
HIN;35.0886;128.0717;Sacheon
HIO;45.5404;-122.9500;Hillsboro
HIR;-9.4280;160.0550;Honiara
HIW;34.3669;132.4140;Hiroshima
HJJ;27.4411;109.7000;Zhijiang
HJR;24.8172;79.9186;Khajuraho
HKD;41.7700;140.8220;Hakodate
HKG;22.3089;113.9150;Hong Kong
HKK;-42.7136;170.9850;Hokitika
HKN;-5.4622;150.4050;Hoskins
HKT;8.1132;98.3169;Phuket
HKY;35.7411;-81.3895;Hickory
HLA;-25.9385;27.9261;Johannesburg
HLD;49.2050;119.8250;Hailar
HLE;-15.9577;-5.6459;Longwood
HLF;57.5258;15.8233;Hultsfred
HLG;40.1750;-80.6463;Wheeling
HLH;46.1953;122.0083;Ulanhot
HLI;36.8933;-121.4100;Hollister
HLJ;56.0706;23.5581;Barysiai
HLN;46.6068;-111.9830;Helena
HLP;-6.2666;106.8910;Jakarta
HLR;31.1387;-97.7145;Fort Hood
HLT;-37.6489;142.0650;Hamilton
HLZ;-37.8667;175.3320;Hamilton
HMA;61.0285;69.0861;Khanty-Mansiysk
HMB;26.3428;31.7428;Sohag
HME;31.6730;6.1404;Hassi Messaoud
HMG;-23.9300;132.8050;Hermannsburg
HMI;42.8414;93.6692;Hami
HMJ;49.3597;26.9334;Khmeinitskiy
HMN;32.8525;-106.1070;Alamogordo
HMO;29.0959;-111.0480;Hermosillo
HMR;60.8181;11.0680;Hamar
HMV;65.8061;15.0828;Hemavan
HMY;36.7040;126.4860;Seosan
HNA;39.4286;141.1350;Hanamaki
HND;35.5523;139.7800;Tokyo
HNH;58.0961;-135.4101;Hoonah
HNL;21.3206;-157.9242;Honolulu
HNM;20.7956;-156.0140;Hana
HNS;59.2438;-135.5240;Haines
HNY;26.9053;112.6280;Hengyang
HOA;-1.5220;40.0040;Hola
HOB;32.6875;-103.2170;Hobbs
HOD;14.7530;42.9763;Hodeidah
HOE;20.2573;100.4370;Huay Xai
HOF;25.2853;49.4852;Al-ahsa
HOG;20.7856;-76.3151;Holguin
HOH;47.3850;9.7000;Hohenems
HOI;-18.0748;-140.9460;Hao Island
HOK;-18.3367;130.6380;Hooker Creek
HOM;59.6456;-151.4770;Homer
HON;44.3852;-98.2285;Huron
HOP;36.6686;-87.4962;Hopkinsville
HOQ;50.2886;11.8564;Hof
HOR;38.5199;-28.7159;Horta
HOS;-37.4447;-70.2225;Chosmadal
HOT;34.4780;-93.0962;Hot Springs
HOU;29.6454;-95.2789;Houston
HOV;62.1800;6.0741;Orsta-Volda
HOX;24.8996;94.9140;Hommalin
HPA;-19.7770;-174.3410;Lifuka
HPB;61.5239;-166.1470;Hooper Bay
HPG;31.6260;110.3400;Shennongjia
HPH;20.8194;106.7250;Haiphong
HPN;41.0670;-73.7076;White Plains
HQM;46.9712;-123.9370;Hoquiam
HRB;45.6234;126.2500;Harbin
HRE;-17.9318;31.0928;Harare
HRG;27.1783;33.7994;Hurghada
HRI;6.2845;81.1241;Mattala
HRK;49.9248;36.2900;Kharkov
HRL;26.2285;-97.6544;Harlingen
HRM;32.9304;3.3115;Tilrempt
HRO;36.2615;-93.1547;Harrison
HRS;-28.2351;29.1062;Harrismith
HRT;54.0489;-1.2528;Linton-on-ouse
HSG;33.1497;130.3020;Saga
HSH;35.9728;-115.1340;Henderson
HSK;42.0761;-0.3167;Huesca
HSL;65.6979;-156.3510;Huslia
HSM;-36.6697;142.1730;Horsham
HSN;29.9342;122.3620;Zhoushan
HSS;29.1794;75.7553;Hissar
HST;25.4886;-80.3836;Homestead
HSV;34.6372;-86.7751;Huntsville
HSZ;24.8180;120.9390;Hsinchu
HTA;52.0263;113.3060;Chita
HTG;71.9781;102.4910;Khatanga
HTI;-20.3581;148.9520;Hamilton Island
HTL;44.3598;-84.6711;Houghton Lake
HTN;37.0385;79.8649;Hotan
HTR;24.0589;123.8060;Taketomi
HTS;38.3667;-82.5580;Huntington
HTT;38.2020;90.8415;Mengnai
HTU;-35.7153;142.3600;Hopetoun Airport
HTV;30.7469;-95.5872;Huntsville
HTY;36.3628;36.2822;Hatay
HUA;34.6787;-86.6848;Redstone
HUE;14.2500;36.5830;Humera
HUF;39.4515;-87.3076;Terre Haute
HUH;-16.6872;-151.0220;Huahine Island
HUI;16.4015;107.7030;Hue
HUL;46.1231;-67.7921;Houlton
HUN;24.0231;121.6180;Hualien
HUO;45.4872;119.4072;Holingol
HUQ;29.1101;15.9656;Hon
HUS;66.0411;-154.2630;Hughes
HUT;38.0655;-97.8606;Hutchinson
HUU;-9.8788;-76.2048;Huánuco
HUV;61.7681;17.0807;Hudiksvall
HUW;-7.5321;-63.0721;Humaita
HUX;15.7753;-96.2626;Huatulco
HUY;53.5744;-0.3508;Humberside
HUZ;23.0500;114.6000;Huizhou
HVA;-14.6297;47.7638;Analalava
HVB;-25.3189;152.8800;Hervey Bay
HVD;47.9541;91.6282;Khovd
HVG;71.0097;25.9836;Honningsvag
HVN;41.2637;-72.8868;New Haven
HVR;48.5430;-109.7620;Havre
HVS;34.4031;-80.1192;Hartsville
HWD;37.6592;-122.1220;Hayward
HWN;-18.6299;27.0210;Hwange National Park
HWO;26.0012;-80.2407;Hollywood
HXD;37.1253;97.2687;Haixi
HXX;-34.5314;144.8300;Hay Airport
HYA;41.6693;-70.2804;Barnstable
HYC;51.6117;-0.8083;Wycombe
HYD;17.2313;78.4299;Hyderabad
HYG;55.2063;-132.8280;Hydaburg
HYN;28.5622;121.4290;Huangyan
HYR;46.0252;-91.4443;Hayward
HYS;38.8422;-99.2732;Hays
HYV;60.6544;24.8811;Hyvinkaa
HZB;50.6184;2.6422;Merville
HZG;33.1341;107.2060;Hanzhong
HZH;26.3222;109.1499;Liping
HZK;65.9523;-17.4260;Husavik
HZL;40.9868;-75.9949;Hazleton
HZP;57.3817;-111.7010;Wood Buffalo
IAA;67.4372;86.6219;Igarka
IAB;37.6219;-97.2682;Wichita
IAD;38.9445;-77.4558;Washington
IAG;43.1073;-78.9462;Niagara Falls
IAH;29.9844;-95.3414;Houston
IAM;28.0515;9.6429;Zarzaitine
IAN;66.9760;-160.4370;Kiana
IAO;9.8591;126.0140;Siargao
IAR;57.5607;40.1574;Yaroslavl
IAS;47.1785;27.6206;Iasi
IBA;7.3625;3.9783;Ibadan
IBB;-0.9426;-90.9530;Isabela
IBE;4.4216;-75.1333;Ibague
IBP;-11.4116;-69.4887;Iberia
IBR;36.1811;140.4150;Ibaraki
IBZ;38.8729;1.3731;Ibiza
ICC;10.7944;-63.9816;Isla De Coche
ICI;-17.7433;-179.3420;Cicia
ICK;5.9556;-57.0394;Nieuw Nickerie
ICN;37.4691;126.4510;Seoul
ICT;37.6499;-97.4331;Wichita
IDA;43.5146;-112.0710;Idaho Falls
IDP;37.1584;-95.7784;Independence
IDR;22.7218;75.8011;Indore
IDY;46.7186;-2.3911;Île d'Yeu
IEG;52.1385;15.7986;Zielona Gora
IEJ;26.7220;127.7850;Ie
IES;51.2936;13.3561;Riesa
IEV;50.4019;30.4519;Kiev
IFH;32.9289;51.5611;Daran
IFJ;66.0581;-23.1353;Isafjordur
IFL;-17.5594;146.0120;Innisfail
IFN;32.7508;51.8613;Esfahan
IFO;48.8842;24.6861;Ivano-Frankivsk
IFU;5.7083;73.0250;Ifuru
IGA;20.9750;-73.6669;Matthew Town
IGB;-41.3209;-69.5749;Ingeniero Jacobacci
IGD;39.9766;43.8766;Igdir
IGG;59.3240;-155.9020;Igiugig
IGL;38.5130;27.0101;Izmir
IGR;-25.7373;-54.4734;Iguazu Falls
IGS;48.7157;11.5340;Ingolstadt
IGT;43.3223;45.0126;Magas
IGU;-25.6003;-54.4850;Foz Do Iguacu
IHC;-25.9971;32.9294;Inhaca
IHR;27.2361;60.7200;Iran Shahr
IIA;53.0930;-9.5681;Inishmaan
IIL;33.5866;46.4048;Ilam
IJK;56.8281;53.4575;Izhevsk
IKA;35.4161;51.1522;Tehran
IKB;36.2228;-81.0983;North Wilkesboro
IKI;33.7490;129.7850;Iki
IKK;41.0714;-87.8463;Kankakee
IKL;-1.0481;23.3725;Ikela
IKO;52.9416;-168.8490;Nikolski
IKS;71.6977;128.9030;Tiksi
IKT;52.2680;104.3890;Irkutsk
IKU;42.5879;76.7130;Tamchy
ILA;-3.9765;137.6225;Illaga
ILD;41.7282;0.5350;Lleida
ILF;56.0614;-95.6139;Ilford
ILG;39.6787;-75.6065;Wilmington
ILI;59.7544;-154.9110;Iliamna
ILM;34.2706;-77.9026;Wilmington
ILN;39.4279;-83.7921;Wilmington
ILO;10.8330;122.4934;Iloilo
ILP;-22.5889;167.4560;Île des Pins
ILQ;-17.6950;-71.3440;Ilo
ILR;8.4402;4.4939;Ilorin
ILU;-2.9106;38.0652;Kilaguni
ILY;55.6819;-6.2567;Islay
ILZ;49.2315;18.6135;Žilina
IMB;5.7081;-60.2942;Imbaimadai
IMF;24.7600;93.8967;Imphal
IMK;29.9711;81.8189;Simikot
IMM;26.4332;-81.4010;Immokalee
IMP;-5.5313;-47.4600;Imperatriz
IMT;45.8184;-88.1145;Iron Mountain
INA;66.0548;60.1103;Inta
IND;39.7173;-86.2944;Indianapolis
ING;-50.3361;-72.2486;El Calafate
INH;-23.8764;35.4085;Inhambane
INI;43.3373;21.8537;Nis
INK;31.7796;-103.2010;Wink
INL;48.5662;-93.4031;International Falls
INN;47.2602;11.3440;Innsbruck
INO;-1.9472;18.2858;Inongo
INQ;53.0647;-9.5109;Inisheer
INS;36.5872;-115.6730;Indian Springs
INT;36.1337;-80.2220;Winston-salem
INU;-0.5475;166.9190;Nauru
INV;57.5425;-4.0475;Inverness
INW;35.0219;-110.7230;Winslow
INZ;27.2510;2.5120;In Salah
IOA;39.6964;20.8225;Ioannina
IOM;54.0833;-4.6239;Isle Of Man
ION;1.6170;18.0670;Impfondo
IOR;53.1067;-9.6536;Inis Mor
IOS;-14.8160;-39.0332;Ilheus
IOW;41.6392;-91.5465;Iowa City
IPA;-18.8564;169.2833;Ipota
IPC;-27.1648;-109.4220;Easter Island
IPH;4.5680;101.0920;Ipoh
IPI;0.8619;-77.6718;Ipiales
IPL;32.8342;-115.5790;Imperial
IPN;-19.4707;-42.4876;Ipatinga
IPT;41.2418;-76.9211;Williamsport
IQA;33.7856;42.4412;Al Asad
IQM;38.2336;85.4656;Qiemo
IQN;35.7997;107.6030;Qingyang
IQQ;-20.5352;-70.1813;Iquique
IQT;-3.7847;-73.3088;Iquitos
IRA;-10.4497;161.8980;Kirakira
IRB;30.9057;-101.8920;Iraan
IRC;65.8305;-144.0760;Circle
IRD;24.1525;89.0494;Ishurdi
IRG;-12.7869;143.3050;Lockhart River
IRI;-7.6686;35.7521;Iringa
IRJ;-29.3816;-66.7958;La Rioja
IRK;40.0935;-92.5449;Kirksville
IRP;2.8276;27.5883;Isiro
IRZ;-0.3786;-64.9923;Santa Isabel do Rio Negro
ISA;-20.6639;139.4890;Mount Isa
ISB;33.5607;72.8516;Islamabad
ISC;49.9133;-6.2917;ST MARY\'S
ISE;37.8554;30.3684;Isparta
ISG;24.3964;124.2450;Ishigaki
ISJ;21.2450;-86.7400;Isla Mujeres
ISK;20.1191;73.9129;Nasik Road
ISL;40.9769;28.8146;Istanbul
ISM;28.2898;-81.4371;Kissimmee
ISN;48.1779;-103.6420;Williston
ISO;35.3314;-77.6088;Kinston
ISP;40.7952;-73.1002;Islip
IST;41.2753;28.7519;Istanbul
ISU;35.5617;45.3167;Sulaymaniyah
ISW;44.3603;-89.8390;Wisconsin Rapids
ITA;-3.1273;-58.4812;Itaituba
ITB;-4.2423;-56.0007;Itaituba
ITH;42.4910;-76.4584;Ithaca
ITM;34.7855;135.4380;Osaka
ITO;19.7214;-155.0480;Hilo
ITP;-21.2193;-41.8759;Itaperuna
ITR;-18.4447;-49.2134;Itumbiara
IUE;-19.0790;-169.9256;Alofi
IVA;-13.4848;48.6327;Ampampamena
IVC;-46.4124;168.3130;Invercargill
IVL;68.6073;27.4053;Ivalo
IVR;-29.8883;151.1440;Inverell
IWA;56.9394;40.9408;Ivanovo
IWJ;34.6764;131.7900;Iwami
IWK;34.1439;132.2360;Iwakuni
IWO;24.7840;141.3230;Iwojima
IWS;29.8182;-95.6726;Houston
IXA;23.8870;91.2404;Agartala
IXB;26.6812;88.3286;Baghdogra
IXC;30.6735;76.7885;Chandigarh
IXD;25.4401;81.7339;Allahabad
IXE;12.9613;74.8901;Mangalore
IXG;15.8593;74.6183;Belgaum
IXH;24.3082;92.0072;Kailashahar
IXI;27.2955;94.0976;Lilabari
IXJ;32.6891;74.8374;Jammu
IXK;21.3171;70.2704;Keshod
IXL;34.1359;77.5465;Leh
IXM;9.8345;78.0934;Madurai
IXP;32.2336;75.6344;Pathankot
IXR;23.3143;85.3217;Ranchi
IXS;24.9129;92.9787;Silchar
IXT;28.0661;95.3356;Pasighat
IXU;19.8627;75.3981;Aurangabad
IXV;28.1753;94.8020;Along
IXW;22.8132;86.1688;Jamshedpur
IXY;23.1127;70.1003;Kandla
IXZ;11.6412;92.7297;Port Blair
IYK;35.6588;-117.8300;Inyokern
IZA;-21.5131;-43.1731;Juiz de Fora
IZO;35.4136;132.8900;Izumo
IZT;16.4493;-95.0937;Iztepec
JAA;34.3998;70.4986;Jalalabad
JAB;-12.6583;132.8930;Jabiru
JAC;43.6073;-110.7380;Jacksn Hole
JAD;-32.0975;115.8810;Perth
JAE;-5.5925;-78.7740;Jaén
JAF;9.7923;80.0701;Jaffna
JAG;28.2842;68.4497;Jacobsbad
JAI;26.8242;75.8122;Jaipur
JAK;18.2411;-72.5185;Jacmel
JAL;19.4751;-96.7975;Jalapa
JAM;42.4549;26.3522;Yambol
JAN;32.3112;-90.0759;Jackson
JAP;9.9814;-84.7727;Chacarita
JAR;28.5867;53.5791;Jahrom
JAS;30.8857;-94.0349;Jasper
JAU;-11.7831;-75.4734;Jauja
JAV;69.2432;-51.0571;Ilulissat
JAX;30.4941;-81.6879;Jacksonville
JBQ;18.5725;-69.9856;La Isabela
JBR;35.8317;-90.6464;Jonesboro
JCB;-27.1714;-51.5533;Joacaba
JCH;68.8228;-51.1734;Qasigiannguit
JCI;38.8309;-94.8903;Olathe
JCK;-20.6683;141.7230;Julia Creek
JCR;-6.2332;-57.7769;Jacare-acanga
JCT;30.5113;-99.7635;Junction
JDF;-21.7915;-43.3868;Juiz De Fora
JDG;33.3996;126.7120;Seogwipo
JDH;26.2511;73.0489;Jodhpur
JDO;-7.2190;-39.2701;Juazeiro Do Norte
JDZ;29.3386;117.1760;Jingdezhen
JED;21.6796;39.1565;Jeddah
JEE;18.6631;-74.1703;Jeremie
JEF;38.5912;-92.1561;Jefferson City
JEG;68.7218;-52.7847;Aasiaat
JER;49.2079;-2.1955;Jersey
JFK;40.6398;-73.7789;New York
JFR;61.9922;-49.6625;Paamiut
JGA;22.4655;70.0126;Jamnagar
JGD;50.3714;124.1175;Jiagedaqi District
JGN;39.8569;98.3414;Jiayuguan
JGO;69.2512;-53.5149;Qeqertarsuaq Airport
JGS;26.8569;114.7370;Jian
JHB;1.6413;103.6700;Johor Bahru
JHG;21.9739;100.7600;Jinghonggasa
JHM;20.9629;-156.6730;Lahania-kapalua
JHQ;-20.2772;148.7556;Shute Harbour
JHS;66.9513;-53.7293;Sisimiut
JHW;42.1534;-79.2580;Jamestown
JIA;-11.4194;-58.7017;Juina
JIB;11.5473;43.1595;Djibouti
JIC;38.5422;102.3483;Jinchuan
JIJ;9.3325;42.9121;Jijiga
JIK;37.6827;26.3471;Ikaria
JIM;7.6661;36.8166;Jimma
JIQ;29.5133;108.8311;Qianjiang
JIU;29.4769;115.8011;Jiujiang
JIW;25.0678;61.8054;Jiwani
JJG;-28.6753;-49.0596;Jaguaruna
JJI;-7.1691;-76.7286;Juanjui
JJM;0.1651;38.1951;Meru National Park
JJN;24.7964;118.5900;Quanzhou
JJU;60.7157;-46.0299;Qaqortoq
JKG;57.7576;14.0687;Joenkoeping
JKH;38.3432;26.1406;Chios
JKL;36.9633;26.9406;Kalymnos
JKR;26.7088;85.9224;Janakpur
JLN;37.1518;-94.4983;Joplin
JLR;23.1778;80.0520;Jabalpur
JMJ;22.4158;99.7864;Lancang Lahu
JMK;37.4351;25.3481;Mykonos
JMO;28.7804;83.7230;Jomsom
JMS;46.9297;-98.6782;Jamestown
JMU;46.8434;130.4650;Jiamusi
JNB;-26.1392;28.2460;Johannesburg
JNG;35.2928;116.3467;Jining
JNI;-34.5459;-60.9306;Junin
JNN;60.1419;-45.2330;Nanortalik
JNS;60.9173;-46.0599;Narsaq
JNU;58.3550;-134.5760;Juneau
JNX;37.0811;25.3681;Cyclades Islands
JNZ;41.1014;121.0620;Jinzhou
JOE;62.6629;29.6075;Joensuu
JOG;-7.7882;110.4320;Yogyakarta
JOH;-31.6059;29.5198;Port Saint Johns
JOI;-26.2245;-48.7974;Joinville
JOJ;68.1253;-106.5853;Doris Lake
JOK;56.7006;47.9047;Yoshkar-Ola
JOL;6.0537;121.0110;Jolo
JON;16.7286;-169.5340;Johnston Island
JOS;9.6398;8.8691;Jos
JOT;41.5178;-88.1755;Joliet
JPA;-7.1458;-34.9486;Joao Pessoa
JPR;-10.8708;-61.8465;Ji-Paraná
JQA;70.7342;-52.6962;Uummannaq
JQE;7.5178;-78.1572;Jaqué
JRA;40.7545;-74.0071;New York
JRB;40.7012;-74.0090;New York
JRF;21.3074;-158.0700;Kapolei
JRH;26.7315;94.1755;Jorhat
JRN;-10.3058;-58.4894;Juruena
JRO;-3.4294;37.0745;Kilimanjaro
JSA;26.8887;70.8650;Jaisalmer
JSH;35.2161;26.1013;Sitia
JSI;39.1771;23.5037;Skiathos
JSJ;47.1100;132.6603;Jiansanjiang
JSK;25.6536;57.7993;Jask
JSM;-44.0486;-70.4589;Jose de San Martin
JSR;23.1838;89.1608;Jessore
JST;40.3161;-78.8339;Johnstown
JSU;65.4125;-52.9394;Maniitsoq
JSY;37.4228;24.9509;Syros Island
JTC;-22.1669;-49.0503;Bauru
JTR;36.3992;25.4793;Thira
JTY;36.5799;26.3758;Astypalaia
JUA;-11.2966;-57.5495;Juara
JUB;4.8720;31.6011;Juba
JUH;30.7403;117.6856;Chizhou
JUI;53.6811;7.0558;Juist
JUJ;-24.3928;-65.0978;Jujuy
JUL;-15.4671;-70.1582;Juliaca
JUM;29.2742;82.1933;Jumla
JUV;72.7902;-56.1306;Upernavik
JUZ;28.9658;118.8990;Quzhou
JVA;-18.8050;45.2735;Ankavandra
JVL;42.6203;-89.0416;Janesville
JWA;-24.6023;24.6910;Jwaneng
JWN;36.7737;48.3594;Zanjan
JXA;45.2930;131.1930;Jixi
JXN;42.2598;-84.4594;Jackson
JYR;28.7269;57.6703;Jiroft
JYV;62.3995;25.6783;Jyvaskyla
JZH;32.8533;103.6822;Jiuzhaigou
KAA;-10.2167;31.1333;Kasama
KAB;-16.5198;28.8850;Kariba
KAC;37.0206;41.1914;Kamishly
KAD;10.6960;7.3201;Kaduna
KAG;37.7536;128.9439;Kangnung
KAI;5.1728;-59.4915;Kaieteur
KAJ;64.2855;27.6924;Kajaani
KAL;64.3191;-158.7410;Kaltag
KAN;12.0476;8.5246;Kano
KAO;65.9876;29.2394;Kuusamo
KAR;5.8653;-60.6142;Kamarang
KAT;-35.0700;173.2850;Kaitaia
KAU;63.1271;23.0514;Kauhava
KAW;10.0493;98.5380;Kawthoung
KAX;-27.6928;114.2592;Kalbarri
KAZ;1.1853;127.8960;Kao
KBL;34.5659;69.2123;Kabul
KBN;-6.1330;24.4830;Kabinda
KBP;50.3450;30.8947;Kiev
KBQ;-13.0146;33.4686;Kasungu
KBR;6.1669;102.2930;Kota Bahru
KBS;7.9444;-11.7610;Bo
KBV;8.0991;98.9862;Krabi
KBZ;-42.4250;173.6050;Kaikoura
KCA;41.6779;82.8729;Kuqa
KCF;27.1667;69.3167;Kadanwari
KCH;1.4847;110.3470;Kuching
KCK;57.7730;108.0640;Kirensk
KCM;37.5388;36.9535;Kahramanmaras
KCO;40.7350;30.0833;Topel
KCS;-24.4233;131.8350;Petermann
KCT;5.9937;80.3203;Koggala
KCZ;33.5461;133.6690;Kochi
KDA;12.8985;-14.9681;Kolda
KDC;11.1448;2.9404;Kandi
KDD;27.7906;66.6473;Khuzdar
KDH;31.5058;65.8478;Kandahar
KDI;-4.0816;122.4180;Kendari
KDL;58.9908;22.8307;Kardla
KDM;0.4881;72.9969;Kaadedhdhoo
KDO;1.8592;73.5219;Laamu Atoll
KDT;14.1020;99.9172;Nakhon Pathom
KDU;35.3355;75.5360;Skardu
KDV;-19.0581;178.1570;Vunisea
KDX;11.1380;29.7011;Kadugli
KDY;62.7890;136.8550;Khandyga
KED;16.1595;-13.5076;Kaedi
KEF;63.9850;-22.6056;Keflavik
KEJ;55.2701;86.1072;Kemorovo
KEL;54.3794;10.1453;Kiel
KEM;65.7787;24.5821;Kemi
KEN;7.8913;-11.1766;Kenema
KEO;9.5000;-7.5670;Odienne
KEP;28.1036;81.6670;Nepalgunj
KER;30.2744;56.9511;Kerman
KES;56.0375;-96.5097;Kelsey
KET;21.3016;99.6360;Kengtung
KEV;61.8560;24.7867;Halli
KEW;52.9911;-92.8364;Keewaywin
KEY;-0.3899;35.2421;Kericho
KFA;16.5900;-11.4062;Kiffa
KFE;-22.2908;119.4371;Cloudbreak
KFG;-17.4319;130.8080;Kalkgurung
KFP;54.8474;-163.4100;False Pass
KFS;41.3142;33.7958;Kastamonu
KGA;-5.9001;22.4692;Kananga
KGC;-35.7139;137.5210;Kingscote
KGD;54.8900;20.5926;Kaliningrad
KGE;-7.3305;157.5850;Kagau Island
KGF;49.6708;73.3344;Karaganda
KGG;12.5723;-12.2203;Kedougou
KGI;-30.7894;121.4620;Kalgoorlie
KGJ;-9.9536;33.8930;Karonga
KGK;59.7266;-157.2590;Koliganek
KGL;-1.9686;30.1395;Kigali
KGO;48.5428;32.2850;Kirovograd
KGP;62.1904;74.5338;Kogalym
KGS;36.7933;27.0917;Kos
KGT;30.1575;101.7347;Kangding
KGW;-9.1359;147.6694;Kagi
KGY;-26.5808;151.8410;Kingaroy Airport
KHC;45.3725;36.4014;Kerch
KHD;33.4354;48.2829;Khorram Abad
KHE;46.6758;32.5064;Kherson
KHG;39.5429;76.0200;Kashi
KHH;22.5771;120.3500;Kaohsiung
KHI;24.9065;67.1608;Karachi
KHJ;62.4625;22.3931;Kauhajoki
KHK;29.2603;50.3239;Khark Island
KHM;25.9883;95.6744;Khamti
KHN;28.8650;115.9000;Nanchang
KHS;26.1710;56.2406;Khasab
KHT;33.3334;69.9520;Khost
KHV;48.5280;135.1880;Khabarovsk
KHW;-19.1500;23.7830;Khwai River
KHY;38.4275;44.9736;Khoy
KHZ;-15.7808;-145.1240;Kauehi
KID;55.9217;14.0855;Kristianstad
KIF;53.0125;-89.8553;Kingfisher Lake
KIH;26.5262;53.9802;Kish Island
KIJ;37.9559;139.1210;Niigata
KIK;35.4695;44.3489;Kirkuk
KIM;-28.8028;24.7652;Kimberley
KIN;17.9357;-76.7875;Kingston
KIO;5.6445;169.1195;Kili Island
KIR;52.1809;-9.5238;Kerry
KIS;-0.0861;34.7289;Kisumu
KIT;36.2743;23.0170;Kithira
KIV;46.9277;28.9310;Chisinau
KIW;-12.9005;28.1499;Southdowns
KIX;34.4273;135.2440;Osaka
KIY;-8.9112;39.5086;Kilwa Masoko
KJA;56.1729;92.4933;Krasnoyarsk
KJH;26.9720;107.9880;Kaili
KJI;48.2223;86.9959;Burqin
KJK;50.8172;3.2047;Kortrijk-vevelgem
KJP;26.1683;127.2930;Kerama
KKA;64.9395;-161.1540;Koyuk
KKC;16.4666;102.7840;Khon Kaen
KKE;-35.2628;173.9120;Kerikeri
KKH;59.9608;-162.8810;Kongiganak
KKJ;33.8459;131.0350;Kitakyushu
KKN;69.7258;29.8913;Kirkenes
KKR;-15.6633;-146.8850;Kaukura Atoll
KKS;33.8953;51.5770;Kashan
KKW;-5.0358;18.7856;Kikwit
KKX;28.3213;129.9280;Kikai
KLC;14.1469;-16.0513;Kaolack
KLD;56.8247;35.7577;Tver
KLF;54.5500;36.3667;Kaluga
KLG;61.5363;-160.3410;Kalskag
KLH;16.6647;74.2894;Kolhapur
KLI;4.1576;21.6509;Kotakoli
KLJ;55.7119;21.2428;Klaipeda
KLM;37.3833;55.4520;Kalaleh
KLN;57.5351;-153.9780;Larsen Bay
KLO;11.6794;122.3760;Kalibo
KLR;56.6855;16.2876;Kalkmar
KLS;46.1180;-122.8980;Kelso
KLU;46.6425;14.3377;Klagenfurt
KLV;50.2030;12.9150;Karlovy Vary
KLW;55.5792;-133.0760;Klawock
KLX;37.0683;22.0255;Kalamata
KLZ;-29.6884;17.0940;Kleinsee
KMA;-7.9636;145.7710;Kerema
KMC;27.9009;45.5282;King Khalid Mil.city
KME;-2.4622;28.9079;Kamembe
KMG;25.1019;102.9292;Kunming
KMH;-27.4567;23.4114;Kuruman
KMI;31.8772;131.4490;Miyazaki
KMJ;32.8373;130.8550;Kumamoto
KMN;-8.6420;25.2529;Kamina Base
KMO;58.9902;-159.0500;Manokotak
KMP;-26.5398;18.1114;Keetmanshoop
KMQ;36.3946;136.4070;Kanazawa
KMS;6.7146;-1.5908;Kumasi
KMU;-0.3774;42.4592;Kismayu
KMV;23.1888;94.0511;Kalemyo
KMW;57.7969;41.0194;Kostroma
KMX;18.2973;42.8035;King Khaled Air Base
KNA;-32.9496;-71.4786;Vina del Mar
KND;-2.9192;25.9154;Kindu
KNF;52.6484;0.5507;Marham
KNG;-3.6445;133.6960;Kaimana
KNH;24.4279;118.3590;Kinmen
KNO;3.6422;98.8853;Medan
KNP;-9.7694;15.4553;Kapanda
KNQ;-21.0543;164.8370;Kone
KNR;27.8205;52.3522;Kangan
KNS;-39.8775;143.8780;King Island
KNU;26.4043;80.4101;Kanpur
KNW;59.4499;-157.3280;New Stuyahok
KNX;-15.7781;128.7080;Kununurra
KOA;19.7388;-156.0456;Kona
KOC;-20.5463;164.2560;Koumac
KOE;-10.1716;123.6710;Kupang
KOI;58.9578;-2.9050;Kirkwall
KOJ;31.8034;130.7190;Kagoshima
KOK;63.7212;23.1431;Kruunupyy
KOO;-5.3944;26.9900;Kongolo
KOP;17.3838;104.6430;Nakhon Phanom
KOQ;51.7211;11.9528;Koethen
KOS;10.5797;103.6370;Sihanoukville
KOT;63.0306;-163.5330;Kotlik
KOU;-1.1846;12.4413;Koulamoutou
KOV;53.3291;69.5946;Kokshetau
KOW;25.8533;114.7789;Ganzhou
KOX;-4.7107;136.4351;Kokonau
KPC;65.2537;-166.8590;Port Clarence
KPN;59.9330;-164.0310;Kipnuk
KPO;35.9880;129.4204;Pohang
KPS;-31.0744;152.7700;Kempsey Airport
KPV;55.9060;-159.1630;Perryville
KQA;54.1338;-165.7789;Akutan
KQH;26.6015;74.8141;Ajmer
KQT;37.8664;68.8647;Kurgan Tyube
KRA;-35.7514;143.9390;Kerang Airport
KRB;-17.4567;140.8300;Karumba
KRC;-2.0930;101.4683;Kerinci Regency
KRF;63.0486;17.7689;Kramfors
KRH;51.2136;-0.1386;Redhill
KRI;-7.4244;144.2501;Kikori
KRK;50.0777;19.7848;Krakow
KRL;41.6978;86.1289;Korla
KRN;67.8220;20.3368;Kiruna
KRO;55.4753;65.4156;Kurgan
KRP;56.2975;9.1246;Karup
KRQ;48.7056;37.6289;Kramatorsk
KRR;45.0347;39.1705;Krasnodar
KRS;58.2042;8.0854;Kristiansand
KRT;15.5895;32.5532;Khartoum
KRW;40.0633;53.0072;Krasnovodsk
KRY;45.4665;84.9527;Karamay
KRZ;-1.4350;19.0240;Kiri
KSA;5.3570;162.9580;Kosrae
KSC;48.6631;21.2411;Kosice
KSD;59.4447;13.3374;Karlstad
KSE;0.1830;30.1000;Kasese
KSF;51.4173;9.3850;Kassel
KSH;34.3459;47.1581;Bakhtaran
KSI;9.1606;-10.1244;Kissidougou
KSJ;35.4214;26.9100;Kasos
KSK;59.3459;14.4959;Karlskoga
KSL;15.3875;36.3288;Kassala
KSM;62.0605;-163.3020;St Mary's
KSN;53.2069;63.5503;Kostanay
KSO;40.4463;21.2822;Kastoria
KSQ;38.8336;65.9215;Khanabad
KSS;11.3330;-5.7000;Sikasso
KSU;63.1118;7.8245;Kristiansund
KSY;40.5622;43.1150;Kars
KSZ;61.2358;46.6975;Kotlas
KTA;-20.7122;116.7730;Karratha
KTD;25.9447;131.3270;Kitadaito
KTE;4.5372;103.4270;Kerteh
KTF;-40.8133;172.7750;Takaka
KTG;-1.8166;109.9630;Ketapang
KTI;12.4880;106.0550;Kratie
KTL;0.9720;34.9586;Kitale
KTM;27.6966;85.3591;Kathmandu
KTN;55.3556;-131.7140;Ketchikan
KTP;17.9886;-76.8238;Kingston
KTQ;62.1661;30.0736;Kitee
KTR;-14.5211;132.3780;Katherine
KTS;65.3313;-166.4660;Brevig Mission
KTT;67.7010;24.8468;Kittila
KTU;25.1602;75.8456;Kota
KTW;50.4743;19.0800;Katowice
KUA;3.7754;103.2090;Kuantan
KUC;0.2186;173.4420;Kuria
KUD;6.9225;116.8360;Kudat
KUF;53.5049;50.1643;Samara
KUG;-10.2250;142.2180;Kubin
KUH;43.0410;144.1930;Kushiro
KUK;60.8744;-162.5240;Kasigluk
KUL;2.7456;101.7100;Kuala Lumpur
KUM;30.3856;130.6590;Yakushima
KUN;54.9639;24.0848;Kaunas
KUO;63.0071;27.7978;Kuopio
KUT;42.1767;42.4826;Kutaisi
KUU;31.8767;77.1544;Kulu
KUV;35.9038;126.6160;Kunsan
KVA;40.9133;24.6192;Kavala
KVB;58.4564;13.9727;Skovde
KVC;55.1163;-162.2660;King Cove
KVD;40.7377;46.3176;Ganja
KVG;-2.5794;150.8080;Kavieng
KVK;67.4633;33.5883;Apatity
KVL;67.7362;-164.5630;Kivalina
KVM;64.6670;170.4170;Markovo
KVR;44.2726;135.0290;Kavalerovo
KVX;58.5033;49.3483;Kirov
KWA;8.7201;167.7320;Kwajalein
KWB;-5.8009;110.4784;Karimunjawa
KWE;26.5385;106.8010;Guiyang
KWG;48.0433;33.2100;Krivoy Rog
KWI;29.2266;47.9689;Kuwait
KWJ;35.1232;126.8054;Kwangju
KWK;59.8765;-163.1690;Kwigillingok
KWL;25.2181;110.0390;Guilin
KWM;-15.4856;141.7510;Kowanyama
KWN;59.7551;-161.8450;Quinhagak
KWT;60.7903;-161.4440;Kwethluk
KWZ;-10.7659;25.5057;Kolwezi
KXE;-26.8711;26.7180;Klerksdorp
KXF;-17.3458;179.4220;Koro Island
KXK;50.4090;136.9340;Komsomolsk-on-Amur
KYA;37.9790;32.5619;Konya
KYD;22.0270;121.5350;Lanyu
KYE;34.5893;36.0113;Kleiat
KYI;-31.4706;131.8250;Yalata
KYK;57.5671;-154.4500;Karluk
KYP;19.4264;93.5348;Kyaukpyu
KYS;14.4812;-11.4044;Kayes
KYU;64.8761;-157.7270;Koyukuk
KYZ;51.6694;94.4006;Kyzyl
KZC;12.2552;104.5640;Kompong Chnang
KZF;-7.5003;146.0338;Kieta
KZG;49.7431;10.2006;Kitzingen
KZI;40.2861;21.8408;Kozani
KZN;55.6062;49.2787;Kazan
KZO;44.7069;65.5925;Kzyl-Orda
KZR;39.1131;30.1281;Kutahya
KZS;36.1417;29.5764;Kastelorizo
LAA;38.0697;-102.6880;Lamar
LAD;-8.8584;13.2312;Luanda
LAE;-6.5698;146.7260;Nadzab
LAF;40.4123;-86.9369;Lafayette
LAI;48.7544;-3.4717;Lannion
LAJ;-27.7821;-50.2815;Lajes
LAK;68.2233;-135.0060;Aklavik
LAL;27.9889;-82.0186;Lakeland
LAM;35.8798;-106.2690;Los Alamos
LAN;42.7787;-84.5874;Lansing
LAO;18.1781;120.5320;Laoag
LAP;24.0727;-110.3620;La Paz
LAQ;32.7887;21.9643;Al Bayda'
LAR;41.3121;-105.6750;Laramie
LAS;36.0801;-115.1520;Las Vegas
LAU;-2.2524;40.9131;Lamu
LAW;34.5677;-98.4166;Lawton
LAX;33.9425;-118.4080;Los Angeles
LAY;-28.5817;29.7497;Ladysmith
LAZ;-13.2621;-43.4081;Bom Jesus Da Lapa
LBA;53.8659;-1.6606;Leeds
LBB;33.6636;-101.8230;Lubbock
LBC;53.8054;10.7192;Luebeck
LBD;40.2154;69.6947;Khudzhand
LBE;40.2759;-79.4048;Latrobe
LBF;41.1262;-100.6840;North Platte
LBG;48.9694;2.4414;Paris
LBI;43.9139;2.1131;Albi
LBJ;-8.4867;119.8890;Labuhan Bajo
LBL;37.0442;-100.9600;Liberal
LBQ;-0.7044;10.2457;Lambarene
LBR;-7.2790;-64.7695;Labrea
LBS;-16.4667;179.3400;Lambasa
LBT;34.6099;-79.0594;Lumberton
LBU;5.3007;115.2500;Labuan
LBV;0.4586;9.4123;Libreville
LBW;3.9028;115.6921;Long Bawan-Borneo Island
LBX;13.8554;120.1050;Lubang
LBY;47.2894;-2.3464;La Baule
LBZ;-8.4457;20.7321;Lucapa
LCA;34.8751;33.6249;Larnaca
LCC;40.2392;18.1333;Lecce
LCE;15.7425;-86.8530;La Ceiba
LCG;43.3021;-8.3773;La Coruna
LCH;30.1261;-93.2233;Lake Charles
LCJ;51.7219;19.3981;Lodz
LCK;39.8138;-82.9278;Columbus
LCL;22.3361;-83.6419;La Coloma
LCQ;30.1820;-82.5769;Lake City
LCX;25.6747;116.7470;Longyan
LCY;51.5053;0.0553;London
LDB;-23.3336;-51.1301;Londrina
LDE;43.1787;-0.0064;Tarbes
LDG;64.8960;45.7230;Arkhangelsk
LDH;-31.5383;159.0770;Lord Howe Island
LDI;-9.8511;39.7578;Lindi
LDJ;40.6174;-74.2446;Linden
LDK;58.4655;13.1744;Lidkoping
LDM;43.9625;-86.4079;Ludington
LDN;27.2531;86.6700;Lamidanda
LDS;47.7521;129.0191;Yinchun
LDU;5.0322;118.3240;Lahad Datu
LDV;48.5303;-4.1516;Landivisiau
LDX;5.4831;-54.0344;Saint-Laurent-du-Maroni
LDY;55.0428;-7.1611;Londonderry
LEA;-22.2356;114.0890;Learmonth
LEB;43.6261;-72.3042;Lebanon
LEC;-12.4823;-41.2770;Lençóis
LED;59.8003;30.2625;St. Petersburg
LEE;28.8231;-81.8087;Leesburg
LEH;49.5339;0.0881;Le Havre
LEI;36.8439;-2.3701;Almeria
LEJ;51.4239;12.2364;Leipzig
LEK;11.3261;-12.2868;Labe
LEL;-12.4989;135.8060;Lake Evella
LEN;42.5890;-5.6556;Leon
LEQ;50.1028;-5.6706;Land's End
LER;-27.8433;120.7030;Leinster
LET;-4.1936;-69.9432;Leticia
LEU;42.3386;1.4092;Seo De Urgel
LEV;-17.7111;178.7590;Levuka
LEW;44.0485;-70.2835;Lewiston
LEX;38.0365;-84.6059;Lexington KY
LEY;52.4603;5.5272;Lelystad
LFB;-15.0331;40.6717;Lumbo
LFI;37.0829;-76.3605;Hampton
LFK;31.2340;-94.7500;Lufkin
LFM;27.3727;53.1888;Lamerd
LFQ;36.1326;111.6412;LINFEN
LFR;8.2392;-72.2710;La Fria
LFT;30.2053;-91.9876;Lafayette
LFW;6.1656;1.2545;Lome
LGA;40.7772;-73.8726;New York
LGB;33.8177;-118.1520;Long Beach
LGC;33.0089;-85.0726;LaGrange
LGD;45.2902;-118.0070;La Grande
LGG;50.6374;5.4432;Liege
LGH;-30.5983;138.4260;Leigh Creek
LGI;23.1790;-75.0936;Dead Man's Cay
LGK;6.3297;99.7287;Langkawi
LGL;3.4210;115.1540;Long Datih
LGO;53.7425;7.4978;Langeoog
LGP;13.1575;123.7350;Legazpi
LGS;-35.4936;-69.5743;Malargue
LGU;41.7912;-111.8520;Logan
LGW;51.1481;-0.1903;London
LHA;48.3693;7.8277;Lahr
LHE;31.5216;74.4036;Lahore
LHG;-29.4567;147.9840;Lightning Ridge
LHK;32.3894;111.6950;Guanghua
LHR;51.4706;-0.4619;London
LHS;-46.5383;-68.9653;Las Heras
LHV;41.1356;-77.4223;Lock Haven
LHW;36.5152;103.6200;Lanzhou
LID;52.1661;4.4179;Valkenburg
LIF;-20.7748;167.2400;Lifou
LIG;45.8628;1.1794;Limoges
LIH;21.9760;-159.3390;Lihue
LII;-3.7018;137.9570;Mulia
LIL;50.5633;3.0869;Lille
LIM;-12.0219;-77.1143;Lima
LIN;45.4451;9.2767;Milan
LIO;9.9580;-83.0220;Limon
LIP;-21.6640;-49.7305;Lins
LIQ;2.1707;21.4969;Lisala
LIR;10.5933;-85.5444;Liberia
LIS;38.7813;-9.1359;Lisbon
LIT;34.7294;-92.2243;Little Rock
LIW;19.6915;97.2148;Loikaw
LIX;-12.0758;34.7372;Likoma Island
LIY;31.8891;-81.5623;Wright
LJA;-3.4170;23.4500;Lodja
LJG;26.6800;100.2460;Lijiang
LJN;29.1086;-95.4621;Angleton
LJU;46.2237;14.4576;Ljubljana
LKB;-18.1992;-178.8170;Lakeba Island
LKG;4.2041;34.3482;Lokichoggio
LKH;3.3000;114.7830;Long Akah
LKL;70.0688;24.9735;Lakselv
LKN;68.1525;13.6094;Leknes
LKO;26.7606;80.8893;Lucknow
LKP;44.2645;-73.9619;Lake Placid
LKV;42.1611;-120.3990;Lakeview
LKY;-3.3763;35.8183;Lake Manyara
LKZ;52.4093;0.5610;Lakenheath
LLA;65.5438;22.1220;Lulea
LLB;25.4525;107.9617;Libo
LLE;-25.4300;31.5767;Malalane
LLF;26.3387;111.6100;Yongzhou
LLI;11.9750;38.9800;Lalibella
LLK;38.7464;48.8180;Lankaran
LLU;60.4644;-45.5692;Alluitsup Paa
LLV;37.6833;111.1428;Lvliang
LLW;-13.7894;33.7810;Lilongwe
LLY;39.9429;-74.8457;Mount Holly
LMA;63.8860;-152.3020;Lake Minchumina
LME;47.9486;0.2017;Le Mans
LMM;25.6852;-109.0810;Los Mochis
LMN;4.8083;115.0100;Limbang
LMO;57.7052;-3.3392;Lossiemouth
LMP;35.4979;12.6181;Lampedusa
LMQ;30.3781;19.5764;Marsa Brega
LMR;-28.3601;23.4391;Lime Acres
LMT;42.1561;-121.7330;Klamath Falls
LNA;26.5930;-80.0851;West Palm Beach
LNB;-16.5842;168.1590;Lamen Bay
LND;42.8152;-108.7300;Lindau
LNE;-15.8656;168.1720;Lonorore
LNJ;23.7381;100.0250;Lincang
LNK;40.8510;-96.7592;Lincoln
LNL;33.7880;105.7970;Longnan
LNN;41.6840;-81.3897;Willoughby
LNO;-28.8781;121.3150;Leonora
LNR;43.2117;-90.1816;Lone Rock
LNS;40.1217;-76.2961;Lancaster
LNX;54.8240;32.0250;Smolensk
LNY;20.7856;-156.9510;Lanai
LNZ;48.2332;14.1875;Linz
LOD;-15.3067;167.9670;Longana
LOE;17.4391;101.7220;Loei
LOH;-3.9959;-79.3719;La Toma (Catamayo)
LOK;3.1220;35.6087;Lodwar
LOL;40.0664;-118.5650;Lovelock
LOO;33.7644;2.9283;Laghouat
LOP;-8.7573;116.2767;Praya
LOS;6.5774;3.3212;Lagos
LOT;41.6073;-88.0962;Lockport
LOU;38.2280;-85.6637;Louisville
LOV;26.9557;-101.4700;Monclova
LOZ;37.0822;-84.0849;London
LPA;27.9319;-15.3866;Gran Canaria
LPB;-16.5133;-68.1923;La Paz
LPC;34.6656;-120.4680;Lompoc
LPD;-1.3286;-69.5797;La Pedrera
LPF;26.6094;104.9790;Liupanshui
LPG;-34.9722;-57.8947;La Plata
LPI;58.4062;15.6805;Linkoeping
LPK;52.7028;39.5378;Lipetsk
LPL;53.3336;-2.8497;Liverpool
LPM;-16.4611;167.8293;Lamap
LPP;61.0446;28.1447;Lappeenranta
LPQ;19.8973;102.1610;Luang Prabang
LPS;48.4839;-122.9380;Lopez
LPT;18.2709;99.5042;Lampang
LPU;1.7045;114.9703;Long Apung-Borneo Island
LPX;56.5175;21.0969;Liepaja
LPY;45.0807;3.7629;Le Puy
LQM;-0.1823;-74.7708;Puerto Leguízamo
LRA;39.6503;22.4655;Larissa
LRD;27.5438;-99.4616;Laredo
LRE;-23.4342;144.2800;Longreach
LRF;34.9169;-92.1497;Jacksonville
LRH;46.1792;-1.1953;La Rochelle
LRL;9.7673;1.0912;Niatougou
LRM;18.4507;-68.9118;La Romana
LRR;27.6747;54.3833;Lar
LRS;37.1849;26.8003;Leros
LRT;47.7606;-3.4400;Lorient
LRU;32.2894;-106.9220;Las Cruces
LRV;11.9500;-66.6700;Los Roques
LSC;-29.9162;-71.1995;La Serena
LSE;43.8790;-91.2567;La Crosse
LSF;32.3373;-84.9913;Fort Benning
LSH;22.9779;97.7522;Lashio
LSI;59.8789;-1.2956;Sumburgh
LSL;11.0353;-84.7061;Los Chiles
LSP;11.7808;-70.1515;Paraguana
LSQ;-37.4017;-72.4254;Los Angeles
LSS;15.8644;-61.5806;Les Saintes
LST;-41.5453;147.2140;Launceston
LSV;36.2362;-115.0340;Las Vegas
LSW;5.2267;96.9503;Lhok Seumawe-Sumatra Island
LSX;5.0695;97.2592;Lhok Sukon
LSY;-28.8303;153.2600;Lismore
LSZ;44.5658;14.3931;Mali Losinj
LTA;-23.8244;30.3293;Tzaneen
LTD;30.1517;9.7153;Ghadames
LTI;46.3764;96.2211;Altai
LTK;35.4011;35.9487;Latakia
LTM;3.3728;-59.7894;Lethem
LTN;51.8747;-0.3683;London
LTO;25.9892;-111.3480;Loreto
LTQ;50.5174;1.6206;Le Tourquet
LTS;34.6671;-99.2667;Altus
LTT;43.2054;6.4820;La Môle
LTX;-0.9068;-78.6158;Latacunga
LUA;27.6869;86.7297;Lukla
LUC;-16.7481;-179.6670;Laucala
LUD;-26.6874;15.2429;Luderitz
LUF;33.5350;-112.3830;Phoenix
LUG;46.0043;8.9106;Lugano
LUH;30.8547;75.9526;Ludhiaha
LUK;39.1033;-84.4186;Cincinnati
LUM;24.4011;98.5317;Luxi
LUN;-15.3308;28.4526;Lusaka
LUO;-11.7681;19.8977;Luena
LUP;21.2110;-156.9740;Molokai
LUQ;-33.2732;-66.3564;San Luis
LUR;68.8751;-166.1100;Cape Lisburne
LUV;-5.6616;132.7310;Langgur-Kei Islands
LUW;-1.0389;122.7720;Luwuk
LUX;49.6233;6.2044;Luxemburg
LUZ;51.2403;22.7136;Lublin
LVA;48.0314;-0.7430;Laval
LVI;-17.8218;25.8227;Livingstone
LVK;37.6934;-121.8200;Livermore
LVM;45.6994;-110.4480;Livingston-Montana
LVO;-28.6136;122.4240;Laverton
LVP;26.8103;53.3563;Lavan Island
LVS;35.6542;-105.1420;Las Vegas
LWB;37.8583;-80.3995;Lewisburg
LWC;39.0112;-95.2166;Lawrence
LWK;60.1922;-1.2436;Lerwick
LWM;42.7172;-71.1234;Lawrence
LWN;40.7504;43.8593;Gyumri
LWO;49.8125;23.9561;Lvov
LWR;53.2286;5.7606;Leeuwarden
LWS;46.3745;-117.0150;Lewiston
LWT;47.0493;-109.4670;Lewistown
LWY;4.8492;115.4080;Lawas
LXA;29.2978;90.9119;Lhasa
LXG;20.9670;101.4000;Luang Namtha
LXN;40.7910;-99.7773;Lexington
LXR;25.6710;32.7066;Luxor
LXS;39.9171;25.2363;Limnos
LYA;34.7411;112.3880;Luoyang
LYB;19.6602;-80.0888;Little Cayman
LYC;64.5483;18.7162;Lycksele
LYE;51.5051;-1.9934;Lyneham
LYG;34.5717;118.8736;Lianyungang
LYH;37.3267;-79.2004;Lynchburg
LYI;35.0461;118.4120;Linyi
LYM;51.0800;1.0130;Lympne
LYN;45.7272;4.9443;Lyon
LYP;31.3650;72.9948;Faisalabad
LYR;78.2461;15.4656;Svalbard
LYS;45.7256;5.0811;Lyon
LYU;47.8245;-91.8307;Ely
LYX;50.9561;0.9392;Lydd
LZC;18.0017;-102.2210;Lazard Cardenas
LZH;24.2075;109.3910;Liuzhou
LZN;26.1598;119.9580;Matsu Islands
LZO;28.8522;105.3930;Luzhou
LZR;-14.6733;145.4546;Lizard Island
LZU;33.9781;-83.9624;Lawrenceville
LZY;29.3033;94.3353;Nyingchi
MAA;12.9900;80.1693;Madras
MAB;-5.3686;-49.1380;Maraba
MAD;40.4719;-3.5626;Madrid
MAE;36.9886;-120.1120;Madera
MAF;31.9425;-102.2020;Midland
MAG;-5.2071;145.7890;Madang
MAH;39.8626;4.2186;Menorca
MAI;-14.4830;35.2670;Mangochi
MAJ;7.0648;171.2720;Majuro
MAK;9.5590;31.6522;Malakal
MAM;25.7699;-97.5253;Matamoros
MAN;53.3537;-2.2750;Manchester
MAO;-3.0386;-60.0497;Manaus
MAQ;16.6999;98.5451;Tak
MAR;10.5582;-71.7279;Maracaibo
MAS;-2.0619;147.4240;Momote
MAT;-5.7996;13.4404;Matadi
MAU;-16.4265;-152.2440;Maupiti
MAX;15.5936;-13.3228;Matam
MAY;24.2877;-77.6846;Clarence Bain
MAZ;18.2557;-67.1485;Mayaguez
MBA;-4.0348;39.5942;Mombasa
MBD;-25.7984;25.5480;Mafeking
MBE;44.3039;143.4040;Monbetsu
MBG;45.5465;-100.4080;Mobridge
MBH;-25.5133;152.7150;Maryborough
MBI;-8.9199;33.2740;Mbeya
MBJ;18.5037;-77.9134;Montego Bay
MBL;44.2724;-86.2469;Manistee
MBO;13.2081;120.6050;Mamburao
MBS;43.5329;-84.0796;Saginaw
MBT;12.3697;123.6301;Masbate
MBU;-9.7475;159.8390;Mbambanakira
MBW;-37.9758;145.1020;Melbourne
MBX;46.4799;15.6861;Maribor
MBZ;-3.3722;-57.7248;Maues
MCB;31.1785;-90.4719;Mc Comb
MCC;38.6676;-121.4010;Sacramento
MCE;37.2847;-120.5140;Merced
MCF;27.8493;-82.5212;Tampa
MCG;62.9529;-155.6060;Mcgrath
MCH;-3.2689;-79.9616;Machala
MCI;39.2976;-94.7139;Kansas City
MCJ;11.2325;-72.4901;La Mina
MCK;40.2063;-100.5920;McCook
MCL;63.7326;-148.9110;McKinley Park
MCN;32.6928;-83.6492;Macon
MCO;28.4294;-81.3090;Orlando
MCP;0.0507;-51.0722;Macapa
MCS;-30.2719;-57.6402;Monte Caseros
MCT;23.5933;58.2844;Muscat
MCU;46.2226;2.3640;Montlucon-gueret
MCV;-16.4425;136.0840;McArthur River Mine
MCW;43.1578;-93.3313;Mason City
MCX;42.8168;47.6523;Makhachkala
MCY;-26.6033;153.0910;Maroochydore
MCZ;-9.5108;-35.7917;Maceio
MDC;1.5493;124.9260;Manado
MDE;6.1645;-75.4231;Rio Negro
MDG;44.5241;129.5690;Mudanjiang
MDH;37.7781;-89.2520;Carbondale/Murphysboro
MDI;7.7039;8.6139;Makurdi
MDK;0.0226;18.2887;Mbandaka
MDL;21.7022;95.9779;Mandalay
MDQ;-37.9342;-57.5733;Mar Del Plata
MDS;21.8260;-71.8025;Middle Caicos
MDT;40.1935;-76.7634;Harrisburg
MDU;-6.1477;143.6570;Mendi
MDW;41.7860;-87.7524;Chicago
MDY;28.2017;-177.3810;Midway
MDZ;-32.8317;-68.7929;Mendoza
MEA;-22.3430;-41.7660;Macaé
MEB;-37.7281;144.9020;Melbourne
MEC;-0.9461;-80.6788;Manta
MED;24.5534;39.7051;Madinah
MEE;-21.4817;168.0380;Mare
MEG;-9.5251;16.3124;Malanje
MEH;71.0297;27.8267;Mehamn
MEI;32.3326;-88.7519;Meridian
MEK;33.8791;-5.5151;Meknes
MEL;-37.6733;144.8430;Melbourne
MEM;35.0424;-89.9767;Memphis
MEN;44.5021;3.5328;Mende
MEO;35.9190;-75.6955;Manteo
MEQ;4.2500;96.2170;Nagan Raya
MER;37.3805;-120.5680;Merced
MES;3.5592;98.6711;Medan
MEU;-0.8898;-52.6022;Almeirim
MEX;19.4363;-99.0721;Mexico City
MEY;27.5774;84.2288;Meghauli
MFA;-7.9175;39.6685;Mafia Island
MFD;40.8214;-82.5166;Mansfield
MFE;26.1758;-98.2386;Mcallen
MFG;34.3390;73.5086;Muzaffarabad
MFI;44.6369;-90.1893;Marshfield
MFJ;-18.5667;179.9510;Moala
MFK;26.2242;120.0030;Matsu Islands
MFM;22.1496;113.5920;Macau
MFN;-44.6733;167.9230;Milford Sound
MFQ;13.5025;7.1267;Maradi
MFR;42.3742;-122.8730;Medford
MFU;-13.2589;31.9366;Mfuwe
MFX;45.4070;6.5779;Ajaccio
MGA;12.1415;-86.1682;Managua
MGB;-37.7456;140.7850;Mount Gambier
MGC;41.7033;-86.8212;Michigan City
MGE;33.9154;-84.5163;Marietta
MGF;-23.4794;-52.0122;Maringa
MGH;-30.8574;30.3430;Margate
MGJ;41.5100;-74.2646;Montgomery
MGL;51.2303;6.5044;Moenchengladbach
MGM;32.3006;-86.3940;MONTGOMERY
MGN;9.2847;-74.8461;Magangue
MGQ;2.0144;45.3047;Mogadishu
MGS;-21.8960;-157.9067;Mangaia Island
MGT;-12.0944;134.8940;Milingimbi
MGW;39.6429;-79.9163;Morgantown
MGY;39.5890;-84.2249;Dayton
MGZ;12.4398;98.6215;Myeik
MHA;5.2775;-59.1511;Mahdia
MHC;-42.3404;-73.7157;Castro
MHD;36.2352;59.6410;Mashhad
MHE;43.7748;-98.0386;Mitchell
MHG;49.4731;8.5142;Mannheim
MHH;26.5114;-77.0835;Marsh Harbor
MHK;39.1410;-96.6708;Manhattan
MHP;53.8645;27.5397;Minsk
MHQ;60.1222;19.8982;Mariehamn
MHR;38.5539;-121.2980;Sacramento
MHT;42.9326;-71.4357;Manchester NH
MHU;-37.0475;147.3340;Mount Hotham
MHV;35.0594;-118.1520;Mojave
MHX;-10.3767;-161.0020;Manihiki Island
MHZ;52.3619;0.4864;Mildenhall
MIA;25.7932;-80.2906;Miami
MIB;48.4156;-101.3580;Minot
MID;20.9370;-89.6577;Merida
MIE;40.2423;-85.3959;Muncie
MIG;31.4281;104.7410;Mianyang
MII;-22.1969;-49.9264;Marília
MIJ;6.0833;171.7330;Mili Island
MIK;61.6866;27.2018;Mikkeli
MIM;-36.9086;149.9010;Merimbula
MIP;30.7761;34.6667;Ramon
MIR;35.7581;10.7547;Monastir
MIS;-10.6892;152.8380;Misima Island
MIU;11.8553;13.0809;Maiduguri
MIV;39.3678;-75.0722;Millville
MJA;-21.4261;44.3165;Manja
MJC;7.2721;-7.5874;Man
MJD;27.3352;68.1431;Moenjodaro
MJF;65.7840;13.2149;Mosjoen
MJI;32.8941;13.2760;Tripoli
MJK;-25.8939;113.5770;Shark Bay
MJL;-1.8451;11.0567;Mouila
MJM;-6.1212;23.5690;Mbuji-mayi
MJN;-15.6668;46.3512;Mahajanga
MJT;39.0567;26.5983;Mytilini
MJV;37.7750;-0.8124;Murcia
MJZ;62.5347;114.0390;Mirnyj
MKC;39.1232;-94.5928;Kansas City
MKE;42.9472;-87.8966;Milwaukee
MKG;43.1695;-86.2382;Muskegon
MKK;21.1529;-157.0960;Molokai
MKL;35.5999;-88.9156;Jackson
MKM;2.9064;112.0800;Mukah
MKP;-16.5839;-143.6580;Makemo
MKQ;-8.5203;140.4180;Merauke
MKR;-26.6117;118.5480;Meekatharra
MKS;10.7254;38.7415;Mekane Selam
MKU;0.5792;12.8909;Makokou
MKW;-0.8918;134.0490;Manokwari
MKY;-21.1717;149.1800;Mackay
MKZ;2.2634;102.2520;Malacca
MLA;35.8575;14.4775;Malta
MLB;28.1028;-80.6453;Melbourne
MLC;34.8824;-95.7835;Mcalester
MLE;4.1918;73.5291;Male
MLG;-7.9266;112.7150;Malang
MLI;41.4485;-90.5075;Moline
MLL;61.8643;-162.0260;Marshall
MLM;19.8499;-101.0250;Morelia
MLN;35.2798;-2.9563;Melilla
MLO;36.6969;24.4769;Milos
MLS;46.4280;-105.8860;Miles City
MLU;32.5109;-92.0377;Monroe
MLW;6.2891;-10.7587;Monrovia
MLX;38.4353;38.0910;Malatya
MLY;64.9976;-150.6440;Manley Hot Springs
MLZ;-32.3379;-54.2167;Melo
MMB;43.8806;144.1640;Memanbetsu
MMD;25.8465;131.2630;Minami Daito
MME;54.5092;-1.4294;Teesside
MMG;-28.1161;117.8420;Mount Magnet
MMH;37.6241;-118.8380;Mammoth Lakes
MMI;35.3973;-84.5626;Athens
MMJ;36.1668;137.9230;Matsumoto
MMK;68.7817;32.7508;Murmansk
MMO;15.1559;-23.2137;Maio
MMT;33.9208;-80.8013;Eastover
MMU;40.7994;-74.4149;Morristown
MMX;55.5363;13.3762;Malmoe
MMY;24.7828;125.2950;Miyako
MMZ;35.9308;64.7609;Maimama
MNA;4.0069;126.6730;Melonguane
MNB;-5.9309;12.3518;Muanda
MNC;-14.4882;40.7122;Nacala
MNF;-17.6731;177.0980;Mana Island
MNG;-12.0561;134.2340;Maningrida
MNH;23.6406;57.4875;Al Masna'ah
MNI;16.7914;-62.1933;Geralds
MNJ;-21.2018;48.3583;Mananjary
MNK;1.0036;173.0310;Maiana
MNL;14.5086;121.0200;Manila
MNM;45.1267;-87.6384;Macon
MNR;-15.2545;23.1623;Mongu
MNS;-11.1370;28.8726;Mansa
MNU;16.4447;97.6607;Mawlamyine
MNX;-5.8114;-61.2783;Manicore
MNY;-7.4169;155.5650;Stirling Island
MNZ;38.7214;-77.5154;Manassas
MOA;20.6539;-74.9222;Moa
MOB;30.6912;-88.2428;Mobile
MOC;-16.7069;-43.8189;Montes Claros
MOD;37.6258;-120.9540;Modesto
MOE;23.0925;96.6453;Momeik
MOF;-8.6406;122.2370;Maumere
MOG;20.5168;99.2568;Mong Hsat
MOI;-19.8425;-157.7030;Mitiaro Island
MOJ;5.6076;-54.4003;Moengo
MOL;62.7447;7.2625;Molde
MON;-43.7650;170.1330;Mount Cook
MOO;-28.0994;140.1970;Moomba
MOQ;-20.2847;44.3176;Morondava
MOT;48.2594;-101.2800;Minot
MOU;62.0954;-163.6820;Mountain Village
MOV;-22.0578;148.0770;Moranbah
MOZ;-17.4900;-149.7620;Moorea
MPA;-17.6344;24.1767;Mpacha
MPH;11.9245;121.9540;Caticlan
MPK;34.7589;126.3800;Mokpo
MPL;43.5762;3.9630;Montpellier
MPM;-25.9208;32.5726;Maputo
MPN;-51.8228;-58.4472;Mount Pleasant
MPO;41.1375;-75.3789;Mount Pocono
MPV;44.2035;-72.5623;Montpelier
MPW;47.0761;37.4496;Mariupol International
MPY;3.6575;-54.0372;Maripasoula
MQC;47.0955;-56.3803;Miquelon
MQF;53.3931;58.7557;Magnetiogorsk
MQH;-13.5491;-48.1953;Minacu
MQJ;66.4509;143.2616;Honuu
MQL;-34.2292;142.0860;Mildura
MQM;37.2233;40.6317;Mardin
MQN;66.3639;14.3014;Mo i Rana
MQP;-25.3832;31.1056;Mpumalanga
MQQ;8.6244;16.0714;Moundou
MQS;12.8879;-61.1802;Mustique
MQT;46.3536;-87.3954;Gwinn
MQU;5.2126;-74.8836;Mariquita
MQX;13.4674;39.5335;Makale
MQY;36.0090;-86.5201;Smyrna
MRB;39.4019;-77.9846;Martinsburg
MRD;8.5821;-71.1610;Merida
MRE;-1.4061;35.0081;Masai Mara
MRF;30.3711;-104.0180;Marfa
MRG;-17.0692;145.4190;Mareeba Airport
MRI;61.2135;-149.8440;Anchorage
MRK;25.9950;-81.6725;Marco Island Airport
MRN;35.8202;-81.6114;Morganton
MRO;-40.9733;175.6340;Masterton
MRQ;13.3610;121.8260;Gasan
MRR;-4.3782;-79.9410;Macara
MRS;43.4393;5.2214;Marseille
MRU;-20.4302;57.6836;Plaisance
MRV;44.2251;43.0819;Mineralnye Vody
MRW;54.6993;11.4401;Maribo
MRX;30.5562;49.1519;Bandar Mahshahr
MRY;36.5870;-121.8430;Monterey
MRZ;-29.4989;149.8450;Moree
MSA;53.4414;-91.7628;Muskrat Dam
MSC;33.4608;-111.7280;Mesa
MSE;51.3422;1.3461;Manston
MSH;20.6754;58.8905;Masirah
MSJ;40.7032;141.3680;Misawa
MSL;34.7453;-87.6102;Muscle Shoals
MSN;43.1399;-89.3375;Madison
MSO;46.9163;-114.0910;Missoula
MSP;44.8820;-93.2218;Minneapolis
MSQ;53.8825;28.0307;Minsk 2
MSR;38.7478;41.6612;Mus
MSS;44.9358;-74.8456;Massena
MST;50.9117;5.7701;Maastricht
MSU;-29.4623;27.5525;Maseru
MSW;15.6700;39.3701;Massawa
MSY;29.9934;-90.2580;New Orleans
MSZ;-15.2612;12.1468;Mocamedes
MTC;42.6135;-82.8369;Mount Clemens
MTF;6.9571;35.5547;Mizan Teferi
MTG;-14.9942;-59.9458;Vila Bela da Santissima Trindade
MTH;24.7261;-81.0514;Marathon
MTJ;38.5098;-107.8940;Montrose CO
MTK;3.3744;172.9920;Makin
MTL;-32.7013;151.4929;Maitland
MTM;55.1310;-131.5780;Metakatla
MTN;39.3257;-76.4138;Baltimore
MTP;41.0765;-71.9208;Montauk
MTR;8.8237;-75.8258;Monteria
MTS;-26.5290;31.3075;Manzini
MTT;18.1034;-94.5807;Minatitlan
MTV;-13.6660;167.7120;Ablow
MTY;25.7785;-100.1070;Monterrey
MTZ;31.3282;35.3886;Metzada
MUA;-8.3280;157.2630;Munda
MUB;-19.9726;23.4311;Maun
MUC;48.3538;11.7861;Munich
MUD;-11.6729;39.5631;Mueda
MUE;20.0013;-155.6680;Kamuela
MUH;31.3254;27.2217;Mersa-matruh
MUI;40.4348;-76.5694;Muir
MUK;-20.1361;-157.3450;Mauke Island
MUN;9.7545;-63.1474;Maturin
MUO;43.0436;-115.8720;Mountain Home
MUR;4.1790;114.3290;Marudi
MUS;24.2897;153.9790;Minami Tori Shima
MUW;35.2077;0.1471;Ghriss
MUX;30.2032;71.4191;Multan
MUZ;-1.5030;33.8021;Musoma
MVA;65.6558;-16.9181;Myvatn
MVB;-1.6562;13.4380;Franceville
MVD;-34.8384;-56.0308;Montevideo
MVF;-5.2019;-37.3643;Mocord
MVL;44.5346;-72.6140;Morrisville
MVP;1.2537;-70.2339;Mitu
MVQ;53.9549;30.0951;Mogilev
MVR;10.4514;14.2574;Maroua
MVS;-18.0489;-39.8642;Mucuri
MVT;-14.8681;-148.7170;Mataiva
MVV;45.8208;6.6522;Verdun
MVW;48.4709;-122.4210;Skagit
MVY;41.3931;-70.6143;Vineyard Haven MA
MVZ;-20.0553;30.8591;Masvingo
MWA;37.7550;-89.0111;Marion
MWC;43.1104;-88.0344;Milwaukee
MWD;32.5631;71.5707;Mianwali
MWE;18.4433;31.8433;Merowe
MWF;-15.0000;168.0830;Maewo Island
MWH;47.2077;-119.3200;Grant County Airport
MWK;3.3481;106.2580;Anambas Islands
MWL;32.7816;-98.0602;Mineral Wells
MWQ;20.1656;94.9414;Magwe
MWX;34.9914;126.3828;Muan
MWZ;-2.4445;32.9327;Mwanza
MXB;-2.5580;120.3240;Masamba
MXF;32.3829;-86.3658;Montgomery
MXH;-6.3633;143.2380;Moro
MXI;6.9491;126.2737;Mati National Airport
MXJ;9.6522;6.4623;Minna
MXL;32.6306;-115.2420;Mexicali
MXM;-21.7539;43.3755;Morombe
MXN;48.6032;-3.8158;Morlaix
MXP;45.6306;8.7281;Milano
MXS;-13.7423;-172.2580;Savaii Island
MXT;-18.0500;44.0330;Maintirano
MXV;49.6633;100.0990;Muren
MXX;60.9579;14.5114;Mora
MXZ;24.3500;116.1330;Meixian
MYA;-35.8978;150.1440;Moruya
MYB;-3.4584;10.6741;Mayumba
MYC;10.2500;-67.6494;Maracay
MYD;-3.2293;40.1017;Malindi
MYE;34.0736;139.5600;Miyakejima
MYG;22.3795;-73.0135;Mayaguana
MYI;-9.9167;144.0550;Murray Island
MYJ;33.8272;132.7000;Matsuyama
MYL;44.8897;-116.1010;McCall
MYP;37.6194;61.8967;Mary
MYQ;12.2300;76.6558;Mysore
MYR;33.6797;-78.9283;Myrtle Beach
MYT;25.3836;97.3519;Myitkyina
MYU;60.3714;-166.2710;Mekoryuk
MYV;39.0978;-121.5700;Yuba City
MYW;-10.3391;40.1818;Mtwara
MYY;4.3220;113.9870;Miri
MYZ;-14.0836;34.9197;Monkey Bay
MZB;-11.3618;40.3549;Mocimboa Da Praia
MZG;23.5687;119.6280;Makung
MZH;40.8294;35.5220;Merzifon
MZI;14.5128;-4.0796;Mopti
MZJ;32.5106;-111.3280;Marana
MZK;2.0586;173.2710;Marakei
MZL;5.0296;-75.4647;Manizales
MZM;49.0717;6.1317;Metz
MZO;20.2881;-77.0892;Manzanillo
MZP;-41.1233;172.9890;Motueka
MZQ;-27.6261;32.0443;Mkuze
MZR;36.7069;67.2097;Mazar-i-sharif
MZT;23.1614;-106.2660;Mazatlan
MZU;26.1191;85.3137;Mazuffarpur
MZV;4.0483;114.8050;Mulu
MZW;33.5359;-0.2424;Mecheria
NAA;-30.3192;149.8270;Narrabri
NAC;-36.9853;140.7250;Naracoorte
NAG;21.0922;79.0472;Nagpur
NAH;3.6832;125.5280;Naha
NAI;3.9594;-59.1242;Annai
NAJ;39.1888;45.4584;Nakhchivan
NAK;14.9495;102.3130;Nakhon Ratchasima
NAL;43.5129;43.6366;Nalchik
NAM;-3.2356;127.1000;Namlea
NAN;-17.7554;177.4430;Nandi
NAO;30.7954;106.1626;Nanchong
NAP;40.8860;14.2908;Naples
NAQ;77.4886;-69.3887;Qaanaaq
NAS;25.0390;-77.4662;Nassau
NAT;-5.7681;-35.3761;Natal
NAU;-14.1768;-141.2670;Napuka
NAV;38.7719;34.5345;Nevsehir
NAW;6.5199;101.7430;Narathiwat
NAY;39.7828;116.3880;Beijing
NBC;55.5647;52.0925;Nizhnekamsk
NBE;36.0758;10.4386;Enfidha
NBG;29.8253;-90.0350;New Orleans
NBN;-1.4103;5.6219;San Antonio de Pale
NBO;-1.3192;36.9278;Nairobi
NBS;42.0669;127.6022;Baishan
NBW;19.9065;-75.2071;Guantanamo
NBX;-3.3682;135.4960;Nabire
NCA;21.9175;-71.9396;North Caicos
NCE;43.6584;7.2159;Nice
NCG;30.3974;-107.8750;Nuevo Casas Grandes
NCJ;-30.9575;-61.5283;Sunchales
NCL;55.0375;-1.6917;Newcastle
NCN;60.0773;-147.9920;Chenega
NCO;41.5971;-71.4121;North Kingstown
NCR;11.1334;-84.7700;San Carlos
NCS;-27.7706;29.9769;Newcastle
NCU;42.4884;59.6233;Nukus
NCY;45.9308;6.1064;Annecy
NDB;20.9331;-17.0300;Nouadhibou
NDC;19.1833;77.3167;Nanded
NDD;-11.1679;13.8475;Sumbe
NDG;47.2396;123.9180;Qiqihar
NDJ;12.1337;15.0340;N'djamena
NDN;-9.1436;147.6842;Nadunumu
NDR;34.9888;-3.0282;El Aroui
NDU;-17.9565;19.7194;Rundu
NDY;59.2503;-2.5767;Sanday
NEC;-38.4831;-58.8172;Necochea
NEG;18.3428;-78.3321;Negril
NEL;40.0333;-74.3533;Lakehurst
NER;56.9139;124.9140;Neryungri
NEU;20.4184;104.0670;Sam Neua
NEV;17.2057;-62.5899;Charlestown
NEW;30.0424;-90.0283;New Orleans
NFG;61.1083;72.6500;Nefteyugansk
NFL;39.4166;-118.7010;Fallon
NFO;-15.5708;-175.6330;Angaha, Niuafo'ou Island
NGA;-34.2556;148.2480;Young Airport
NGB;29.8267;121.4620;Ninbo
NGD;18.7272;-64.3297;Anegada
NGE;7.3570;13.5592;N'gaoundere
NGF;21.4505;-157.7680;Kaneohe Bay
NGI;-18.1156;179.3400;Ngau
NGK;51.7801;143.1390;Nogliki
NGO;34.8584;136.8050;Nagoya
NGQ;32.1000;80.0531;Shiquanhe
NGS;32.9169;129.9140;Nagasaki
NGU;36.9376;-76.2893;Norfolk
NGX;28.6414;84.0892;Manang
NGZ;37.7889;-122.3200;Alameda
NHA;12.2275;109.1920;Nhatrang
NHD;25.0268;55.3662;Minhad AB
NHK;38.2860;-76.4118;Patuxent River
NHT;51.5530;-0.4182;Northolt
NHV;-8.7956;-140.2290;Nuku Hiva
NHZ;43.8922;-69.9386;Brunswick
NIB;63.0186;-154.3580;Nikolai
NIG;-1.3144;176.4100;Nikunau
NIM;13.4815;2.1836;Niamey
NIO;-2.7175;17.6847;Nioki
NIP;30.2358;-81.6806;Jacksonville
NIS;-2.6622;151.9978;Simberi Island
NIT;46.3135;-0.3945;Niort
NIU;-16.1191;-146.3683;Niau
NJA;35.4546;139.4500;Atsugi
NJC;60.9493;76.4836;Nizhnevartovsk
NJF;31.9899;44.4043;Najaf
NJK;32.8292;-115.6720;El Centro
NKB;-18.4947;124.8520;Noonkanbah
NKC;18.3100;-15.9697;Nouakschott
NKG;31.7420;118.8620;Nanjing
NKM;35.2550;136.9240;Nagoya
NKT;37.3647;42.0582;Cizre
NKW;-7.3133;72.4111;Diego Garcia Island
NKX;32.8684;-117.1430;Miramar
NLA;-12.9981;28.6649;Ndola
NLC;36.3330;-119.9520;Lemoore
NLD;27.4439;-99.5705;Nuevo Laredo
NLF;-9.5833;143.7670;Darnley Island
NLG;56.0075;-161.1600;Nelson Lagoon
NLH;27.5403;100.7593;Ninglang
NLI;53.1550;140.6500;Nikolayevsk-na-Amure Airport
NLK;-29.0416;167.9390;Norfolk Island
NLO;-4.3267;15.3275;Kinshasa
NLP;-25.5000;30.9138;Nelspruit
NLT;43.4318;83.3786;Xinyuan
NLV;47.0579;31.9198;Nikolayev
NMA;40.9846;71.5567;Namangan
NMB;20.4344;72.8432;Daman
NMC;24.5943;-76.8202;Norman's Cay
NME;60.4710;-164.7010;Nightmute
NMS;20.8905;97.7359;Namsang
NMT;23.0830;97.3830;Naypyidaw
NNA;34.2989;-6.5959;Kentira
NNB;-10.8480;162.4541;Santa Ana
NNG;22.6083;108.1720;Nanning
NNL;59.9802;-154.8390;Nondalton
NNM;67.6400;53.1219;Naryan-Mar
NNR;53.2303;-9.4678;Indreabhan
NNT;18.8079;100.7830;Nan
NNX;4.1333;117.6667;Nunukan-Nunukan Island
NNY;32.9808;112.6150;Nanyang
NOA;-34.9489;150.5370;Nowra
NOB;9.9765;-85.6530;Nosara Beach
NOC;53.9103;-8.8185;Connaught
NOD;53.6331;7.1903;Norden
NOG;31.2261;-110.9760;Nogales
NOJ;63.1833;75.2700;Noyabrsk
NON;-0.6397;174.4280;Nonouti
NOP;42.0158;35.0664;Sinop
NOR;65.1319;-13.7464;Nordfjordur
NOS;-13.3121;48.3148;Nosy-be
NOT;38.1436;-122.5560;Novato
NOU;-22.0146;166.2130;Noumea
NOV;-12.8089;15.7605;Huambo
NOZ;53.8114;86.8772;Novokuznetsk
NPA;30.3527;-87.3186;Pensacola
NPE;-39.4658;176.8700;NAPIER
NPL;-39.0086;174.1790;New Plymouth
NPO;-0.3489;111.7480;Nangapinoh
NPR;-7.1258;-55.4008;Novo Progresso
NQA;35.3567;-89.8703;Millington
NQI;27.5072;-97.8097;Kingsville
NQN;-38.9490;-68.1557;Neuquen
NQT;52.9200;-1.0792;Nottingham
NQU;5.6964;-77.2806;Nuquí
NQX;24.5758;-81.6889;Key West
NQY;50.4406;-4.9954;Newquai
NRA;-34.7022;146.5120;Narrandera
NRB;30.3911;-81.4247;Mayport
NRD;53.7069;7.2300;Norderney
NRE;-3.8548;126.7012;Buru Island
NRK;58.5863;16.2506;Norrkoeping
NRL;59.3675;-2.4344;North Ronaldsay
NRN;51.6024;6.1422;Weeze
NRR;18.2453;-65.6434;Ceiba
NRT;35.7647;140.3860;Tokyo
NSE;30.7242;-87.0219;Milton
NSH;36.6633;51.4647;Noshahr
NSI;3.7226;11.5533;Yaounde
NSK;69.3111;87.3322;Norilsk
NSN;-41.2983;173.2210;Nelson
NSO;-32.0372;150.8320;Scone
NST;8.5396;99.9447;Nakhon Si Thammarat
NSY;37.4017;14.9224;Sigonella
NTB;59.5657;9.2122;Notodden
NTD;34.1203;-119.1210;Point Mugu
NTE;47.1532;-1.6107;Nantes
NTI;-2.1033;133.5164;Bintuni
NTL;-32.7950;151.8340;Newcastle
NTN;-17.6841;141.0697;Normanton
NTQ;37.2931;136.9620;Wajima
NTR;25.8656;-100.2370;Monterrey
NTT;-15.9773;-173.7911;Niuatoputapu
NTU;36.8207;-76.0335;Oceana
NTX;3.9087;108.3880;Ranai-Natuna Besar Island
NTY;-25.3338;27.1734;Pilanesberg
NUE;49.4987;11.0781;Nuernberg
NUI;70.2100;-151.0060;Nuiqsut
NUK;-19.2850;-138.7720;Nukutavake
NUL;64.7293;-158.0740;Nulato
NUQ;37.4161;-122.0490;Mountain View
NUS;-16.0797;167.4010;Norsup
NUW;48.3518;-122.6560;Whidbey Island
NUX;66.0694;76.5203;Novy Urengoy
NVA;2.9501;-75.2940;Neiva
NVI;40.1172;65.1708;Navoi
NVK;68.4369;17.3867;Narvik
NVP;-5.1180;-60.3649;Novo Aripuana
NVS;47.0026;3.1133;Nevers
NVT;-26.8800;-48.6514;Navegantes
NWA;-12.2981;43.7664;Moheli
NWI;52.6758;1.2828;Norwich
NXX;40.1998;-75.1482;Willow Grove
NYA;62.1100;65.6150;Nyagan
NYE;-0.3644;36.9785;NYERI
NYI;7.3618;-2.3288;Sunyani
NYK;-0.0624;37.0410;Nanyuki
NYM;65.4809;72.6989;Nadym
NYO;58.7886;16.9122;Stockholm
NYR;63.2950;118.3370;Nyurba
NYT;19.6235;96.2010;Naypyidaw
NYU;21.1788;94.9302;Bagan
NYW;22.2216;95.0935;Monywa
NZA;-7.7169;21.3582;Nzagi
NZC;-14.8540;-74.9615;Nazca
NZE;7.8060;-8.7018;Nzerekore
NZH;49.5667;117.3300;Manzhouli
NZJ;33.6761;-117.7310;Santa Ana
NZL;47.8658;122.7675;Zhalantun
NZY;32.6992;-117.2150;San Diego
OAA;33.9225;69.0772;Shank
OAG;-33.3817;149.1330;Orange
OAH;33.3913;62.2610;Shindand
OAI;34.9461;69.2650;Kabul
OAJ;34.8292;-77.6121;Jacksonville NC
OAK;37.7213;-122.2210;Oakland
OAL;-11.4960;-61.4508;Cacoal
OAM;-44.9700;171.0820;Oamaru
OAR;36.6819;-121.7620;Fort Ord
OAS;33.1257;68.8385;Sharona
OAX;16.9999;-96.7266;Oaxaca
OAZ;31.8638;64.2246;Camp Bastion
OBC;11.9670;43.2670;Obock
OBE;27.2628;-80.8498;Okeechobee
OBF;48.0814;11.2831;Oberpfaffenhofen
OBL;51.2647;4.7533;Zoersel
OBN;56.4635;-5.3997;North Connel
OBO;42.7333;143.2170;Obihiro
OBS;44.5442;4.3722;Aubenas-vals-lanas
OBU;66.9123;-156.8970;Kobuk
OBY;70.4882;-21.9717;Ittoqqortoormiit
OCA;25.3254;-80.2748;Ocean Reef Club Airport
OCC;-0.4629;-76.9868;Coca
OCF;29.1726;-82.2242;Ocala
OCJ;18.4042;-76.9690;Ocho Rios
OCM;-22.5400;117.2750;Brockman
OCN;33.2173;-117.3540;Fraser Island
OCV;8.3151;-73.3583;Ocana
OCW;35.5705;-77.0498;Washington
ODB;37.8420;-4.8489;Cordoba
ODE;55.4767;10.3309;Odense
ODH;51.2341;-0.9428;Odiham
ODN;3.9670;115.0500;Long Seridan
ODO;57.8661;114.2430;Bodaibo
ODS;46.4268;30.6765;Odessa
ODY;20.6827;101.9940;Muang Xay
OEL;52.9347;36.0022;Oakley
OEM;3.3453;-55.4425;Paloemeu
OER;63.4083;18.9900;Ornskoldsvik
OES;-40.7512;-65.0343;San Antonio Oeste
OFF;41.1183;-95.9125;Omaha
OFK;41.9855;-97.4351;Norfolk  Nebraska
OGB;33.4568;-80.8595;Orangeburg
OGD;41.1959;-112.0120;Ogden
OGG;20.8986;-156.4300;Kahului
OGL;6.8063;-58.1059;Georgetown
OGN;24.4669;122.9780;Yonaguni Jima
OGS;44.6819;-75.4655;Ogdensburg
OGU;40.9660;38.0810;Ordu-Giresun
OGX;31.9172;5.4128;Ouargla
OGZ;43.2051;44.6066;Beslan
OHA;-40.2060;175.3880;Ohakea
OHD;41.1800;20.7423;Ohrid
OHE;52.9128;122.4300;Mohe County
OHO;59.4101;143.0565;Okhotsk
OHS;24.3860;56.6254;Sohar
OIA;-6.7631;-51.0499;Ourilandia do Norte
OIM;34.7820;139.3600;Oshima
OIR;42.0717;139.4330;Okushiri
OIT;33.4794;131.7370;Oita
OJC;38.8476;-94.7376;Olathe
OKA;26.1958;127.6460;Okinawa
OKC;35.3931;-97.6007;Oklahoma City
OKD;43.1174;141.3813;Sapporo
OKE;27.4255;128.7010;Okierabu
OKF;-19.1492;15.9119;Okaukuejo
OKI;36.1811;133.3250;Oki Island
OKJ;34.7569;133.8550;Okayama
OKK;40.5282;-86.0590;Kokomo
OKL;-4.9071;140.6277;Oksibil
OKM;35.6681;-95.9487;Okmulgee
OKN;-0.6652;13.6731;Okondja
OKO;35.7485;139.3480;Yokota
OKR;-9.7528;143.4057;Yorke Island
OKU;-18.8128;17.0594;Mokuti Lodge
OKY;-27.4114;151.7350;Oakey
OLA;63.6989;9.6040;Orland
OLB;40.8987;9.5176;Olbia
OLC;-3.4679;-68.9204;Sao Paulo de Olivenca
OLF;48.0945;-105.5750;Wolf Point
OLJ;-14.8817;166.5580;Olpoi
OLL;-1.2267;15.9100;Oyo
OLM;46.9694;-122.9030;Olympia
OLP;-30.4850;136.8770;Olympic Dam
OLS;31.4177;-110.8480;Nogales
OLV;34.9787;-89.7869;Olive Branch
OLZ;60.3975;120.4710;Olekminsk
OMA;41.3032;-95.8941;Omaha
OMB;-1.5747;9.2627;Omboue Hospial
OMC;11.0580;124.5650;Ormoc City
OMD;-28.5847;16.4467;Oranjemund
OME;64.5122;-165.4450;Nome
OMF;32.3564;36.2592;Mafraq
OMH;37.6681;45.0687;Uromiyeh
OMI;30.8352;49.5349;Omidyeh
OMO;43.2829;17.8459;Mostar
OMR;47.0253;21.9025;Oradea
OMS;54.9670;73.3105;Omsk
OND;-17.8782;15.9526;Ondangwa
ONG;-16.6625;139.1780;Mornington Island
ONJ;40.1919;140.3710;Odate Noshiro
ONK;68.5150;112.4800;Olenyok
ONO;44.0205;-117.0140;Ontario
ONP;44.5804;-124.0580;Newport
ONQ;41.5064;32.0886;Zonguldak
ONS;-21.6683;115.1130;Onslow
ONT;34.0560;-117.6010;Ontario
ONX;9.3566;-79.8674;Colón
OOK;60.5414;-165.0870;Toksook Bay
OOL;-28.1644;153.5050;Coolangatta
OOM;-36.3006;148.9740;Cooma
OPF;25.9070;-80.2784;Miami
OPO;41.2481;-8.6814;Porto
OPS;-11.8850;-55.5861;Sinop
OPU;-8.0500;142.9330;Balimo
ORA;-23.1528;-64.3292;Oran
ORB;59.2237;15.0380;Orebro
ORD;41.9786;-87.9048;Chicago
ORE;47.9878;1.7606;Orleans
ORF;36.8946;-76.2012;Norfolk
ORG;5.8111;-55.1907;Paramaribo
ORH;42.2673;-71.8757;Worcester
ORJ;4.7253;-60.0350;Orinduik
ORK;51.8413;-8.4911;Cork
ORL;28.5455;-81.3329;Orlando
ORN;35.6239;-0.6212;Oran
ORP;-21.2667;25.3167;Orapa
ORT;62.9613;-141.9290;Northway
ORU;-17.9626;-67.0762;Oruro
ORV;66.8179;-161.0190;Noorvik
ORW;25.2747;64.5860;Ormara Raik
ORX;-1.7141;-55.8362;Oriximina
ORY;48.7233;2.3794;Paris
OSC;44.4516;-83.3941;Oscoda
OSD;63.1944;14.5003;Östersund
OSF;55.5117;37.5072;Moscow
OSH;43.9844;-88.5570;Oshkosh
OSI;45.4627;18.8102;Osijek
OSK;57.3505;16.4980;Oskarshamn
OSL;60.1210;11.0502;Oslo
OSM;36.3058;43.1474;Mosul
OSN;37.0906;127.0300;Osan
OSP;54.4789;17.1075;Slupsk
OSR;49.6963;18.1111;Ostrava
OSS;40.6090;72.7933;Osh
OST;51.1989;2.8622;Ostend
OSU;40.0798;-83.0730;Columbus
OSW;51.0725;58.5956;Orsk
OSY;64.4722;11.5786;Namsos
OTH;43.4171;-124.2460;North Bend
OTI;2.0460;128.3250;Morotai Island
OTJ;-20.4347;16.6608;Otjiwarongo
OTK;45.4182;-123.8140;Tillamook
OTM;41.1066;-92.4479;Ottumwa
OTP;44.5711;26.0850;Bucharest
OTR;8.6016;-82.9686;Coto 47
OTU;7.0104;-74.7155;Otu
OTZ;66.8847;-162.5990;Kotzebue
OUA;12.3532;-1.5124;Ouagadougou
OUD;34.7872;-1.9240;Oujda
OUE;1.6160;16.0379;Ouesso
OUH;-33.6070;22.1890;Oudtshoorn
OUK;60.4252;-0.7500;Outer Skerries
OUL;64.9301;25.3546;Oulu
OUZ;22.7564;-12.4836;Zouerat
OVA;-24.2357;45.3045;Bekily
OVB;55.0126;82.6507;Novosibirsk
OVD;43.5636;-6.0346;Aviles
OVG;-34.5549;20.2507;Overberg
OVR;-36.8900;-60.2166;Olavarria
OVS;61.3266;63.6019;Sovetskiy
OWB;37.7401;-87.1668;Owensboro
OWD;42.1905;-71.1729;Norwood
OXB;11.8948;-15.6537;Bissau
OXC;41.4786;-73.1352;Oxford
OXF;51.8369;-1.3200;Oxford
OXR;34.2008;-119.2070;Oxnard
OYA;-29.1058;-59.2189;Goya
OYE;1.5431;11.5814;Oyem
OYK;3.8555;-51.7969;Oioiapoque
OYL;3.4697;39.1014;Moyale
OYO;-38.3869;-60.3297;Tres Arroyos
OYP;3.8976;-51.8041;St.-georges Oyapock
OZA;30.7353;-101.2030;Ozona
OZC;8.1785;123.8420;Ozamis
OZG;30.3203;-5.8667;Zagora
OZH;47.8670;35.3157;Zaporozhye
OZP;37.1749;-5.6159;Sevilla
OZR;31.2757;-85.7134;Fort Rucker/Ozark
OZZ;30.9391;-6.9094;Ouarzazate
PAA;16.8937;97.6746;Hpa-an
PAB;21.9884;82.1110;Bilaspur
PAC;8.9733;-79.5556;Panama
PAD;51.6141;8.6163;Paderborn
PAE;47.9063;-122.2820;Everett
PAG;7.8307;123.4612;Pagadian
PAH;37.0608;-88.7738;PADUCAH
PAJ;33.9021;70.0716;Parachinar
PAL;5.4836;-74.6574;La Dorada
PAM;30.0696;-85.5754;Panama City
PAN;6.7855;101.1540;Pattani
PAO;37.4611;-122.1150;Palo Alto
PAP;18.5800;-72.2925;Port-au-prince
PAQ;61.5949;-149.0890;Palmer
PAS;37.0205;25.1132;Paros
PAT;25.5913;85.0880;Patina
PAV;-9.4009;-38.2506;Paulo Alfonso
PAX;19.9336;-72.8486;Port-de-Paix
PAZ;20.6027;-97.4608;Poza Rico
PBC;19.1581;-98.3714;Puebla
PBD;21.6487;69.6572;Porbandar
PBF;34.1731;-91.9356;Pine Bluff
PBG;44.6509;-73.4681;Plattsburgh
PBH;27.4032;89.4246;Thimphu
PBI;26.6832;-80.0956;West Palm Beach
PBJ;-16.4390;168.2570;Paama Island
PBL;10.4805;-68.0730;Puerto Cabello
PBM;5.4528;-55.1878;Zandery
PBN;-10.7220;13.7655;Porto Amboim
PBO;-23.1711;117.7450;Paraburdoo
PBP;9.8561;-85.3708;Nandayure
PBQ;-11.6416;-61.1791;Pimenta Bueno
PBR;15.7309;-88.5838;Puerto Barrios
PBU;27.3299;97.4263;Putao
PBZ;-34.0882;23.3287;Plettenberg Bay
PCB;-6.3370;106.7650;Jakarta
PCD;43.0193;-91.1237;Prairie du Chien
PCF;-26.6710;27.0819;Potchefstroom
PCL;-8.3779;-74.5743;Pucallpa
PCN;-41.3461;173.9560;Picton
PCP;1.6629;7.4117;Principe
PCQ;21.6475;101.9000;Phongsaly
PCR;6.1847;-67.4932;Puerto Carreno
PCS;-7.0621;-41.5237;Picos
PDA;3.8535;-67.9062;Puerto Inírida
PDG;-0.7869;100.2810;Padang
PDK;33.8756;-84.3020;Atlanta
PDL;37.7412;-25.6979;Ponta Delgada
PDO;-3.2861;103.8800;Talang Gudang-Sumatra Island
PDP;-34.8551;-55.0943;Punta del Este
PDS;28.6274;-100.5350;Piedras Negras
PDT;45.6951;-118.8410;Pendleton
PDU;-32.3633;-58.0619;Paysandu
PDV;42.0678;24.8508;Plovdiv
PDX;45.5887;-122.5980;Portland
PEA;-35.7558;137.9629;Penneshaw
PED;50.0134;15.7386;Pardubice
PEE;57.9145;56.0212;Perm
PEF;54.1578;13.7744;Peenemunde
PEG;43.0959;12.5132;Perugia
PEH;-35.8446;-61.8576;Pehuajo
PEI;4.8127;-75.7395;Pereira
PEK;40.0801;116.5850;Beijing
PEM;-12.6136;-69.2286;Puerto Maldonado
PEN;5.2971;100.2770;Penang
PEQ;31.3824;-103.5110;Pecos
PER;-31.9403;115.9670;Perth
PES;61.8852;34.1547;Petrozavodsk
PET;-31.7184;-52.3277;Pelotas
PEU;15.2622;-83.7812;Puerto Lempira
PEV;45.9909;18.2410;Pécs-Pogány
PEW;33.9939;71.5146;Peshawar
PEX;65.1211;57.1308;Pechora
PEZ;53.1106;45.0211;Penza
PFB;-28.2440;-52.3266;Passo Fundo
PFJ;65.5558;-23.9650;Patreksfjordur
PFN;30.2121;-85.6828;Panama City
PFO;34.7180;32.4857;Paphos
PFQ;39.6036;47.8815;Parsabad
PFR;-4.3299;20.5901;Ilebo
PGA;36.9261;-111.4480;Page
PGD;26.9202;-81.9905;Punta Gorda
PGF;42.7404;2.8707;Perpignan
PGH;29.0334;79.4737;Nainital
PGK;-2.1622;106.1390;Pangkal Pinang
PGU;27.3796;52.7377;Khalije Fars
PGV;35.6352;-77.3853;Greenville
PGX;45.1981;0.8156;Perigueux
PGZ;-25.1847;-50.1441;Ponta Grossa
PHA;11.6335;108.9520;Phan Rang
PHB;-2.8937;-41.7320;Parnaiba
PHC;5.0155;6.9496;Port Hartcourt
PHD;40.4709;-81.4197;New Philadelpha
PHE;-20.3778;118.6260;Port Hedland
PHF;37.1319;-76.4930;Newport News
PHK;26.7850;-80.6934;Pahokee
PHL;39.8719;-75.2411;Philadelphia
PHN;42.9110;-82.5289;Port Huron
PHS;16.7829;100.2790;Phitsanulok
PHW;-23.9372;31.1554;Phalaborwa
PHX;33.4343;-112.0120;Phoenix
PHY;16.6760;101.1950;Phetchabun
PIA;40.6642;-89.6933;Peoria
PIB;31.4671;-89.3371;Hattiesburg/Laurel
PID;25.0830;-77.3000;Nassau
PIE;27.9102;-82.6874;St. Petersburg
PIF;22.7002;120.4820;Pingtung
PIH;42.9098;-112.5960;Pocatello
PIK;55.5094;-4.5867;Prestwick
PIL;-26.8812;-58.3180;Pilar
PIM;32.8407;-84.8824;Pine Mountain
PIN;-2.6730;-56.7772;Parintins
PIO;-13.7449;-76.2203;Pisco
PIP;57.5804;-157.5720;Pilot Point
PIR;44.3827;-100.2860;Pierre
PIS;46.5877;0.3067;Poitiers
PIT;40.4915;-80.2329;Pittsburgh
PIU;-5.2057;-80.6164;Piura
PIW;55.5889;-97.1642;Pikwitonei
PIX;38.5543;-28.4413;Pico
PIZ;69.7329;-163.0050;Point Lay
PJA;67.2456;23.0689;Pajala
PJC;-22.6400;-55.8300;Pedro Juan Caballero
PJG;26.9545;64.1325;Panjgur
PJM;8.5333;-83.3000;Puerto Jimenez
PKA;60.7029;-161.7780;Napaskiak
PKB;39.3451;-81.4392;PARKERSBURG
PKC;53.1679;158.4540;Petropavlovsk
PKE;-33.1314;148.2390;Parkes
PKG;4.2447;100.5530;Pangkor Island
PKH;37.2975;23.1478;Porto Heli
PKK;21.4043;95.1112;Pakhokku
PKN;-2.7052;111.6730;Pangkalan Bun
PKO;9.3577;2.6097;Parakou
PKP;-14.8095;-138.8130;Puka Puka
PKR;28.2009;83.9821;Pokhara
PKT;-14.2500;129.5290;Wadeye
PKU;0.4608;101.4450;Pekanbaru
PKV;57.7839;28.3956;Pskov
PKW;-22.0583;27.8288;Selebi-phikwe
PKX;39.5099;116.4109;Beijing
PKY;-2.2251;113.9430;Palangkaraya
PKZ;15.1321;105.7810;Pakse
PLD;9.8705;-85.4814;Carrillo
PLH;50.4228;-4.1058;Plymouth
PLL;-3.1460;-59.9863;Manaus
PLM;-2.8983;104.7000;Palembang
PLN;45.5709;-84.7967;Pellston
PLO;-34.6053;135.8800;Port Lincoln
PLP;8.4067;-78.1417;La Palma
PLQ;55.9732;21.0939;Palanga
PLS;21.7736;-72.2659;Providenciales
PLU;-19.8512;-43.9506;Belo Horizonte
PLV;49.5686;34.3972;Poltava
PLW;-0.9185;119.9100;Palu
PLX;50.3513;80.2344;Semiplatinsk
PLZ;-33.9849;25.6173;Port Elizabeth
PMA;-5.2573;39.8114;Pemba
PMB;48.9425;-97.2408;Pembina
PMC;-41.4389;-73.0940;Puerto Montt
PMD;34.6294;-118.0850;Palmdale
PMF;44.8245;10.2964;Parma
PMG;-22.5496;-55.7026;Ponta Pora
PMH;38.8405;-82.8473;Portsmouth
PMI;39.5517;2.7388;Palma de Mallorca
PMK;-18.7553;146.5810;Palm Island
PML;56.0060;-160.5610;Cold Bay
PMO;38.1760;13.0910;Palermo
PMQ;-46.5379;-70.9787;Perito Moreno
PMR;-40.3206;175.6170;Palmerston North
PMS;34.5574;38.3169;Palmyra
PMV;10.9126;-63.9666;Porlamar
PMW;-10.2915;-48.3570;Palmas
PMY;-42.7592;-65.1027;Puerto Madryn
PMZ;8.9510;-83.4686;Palmar Sur
PNA;42.7700;-1.6463;Pamplona
PNB;-10.7194;-48.3997;Porto Nacional
PNC;36.7320;-97.0998;Ponca City
PNE;40.0819;-75.0106;Philadelphia
PNH;11.5466;104.8440;Phnom-penh
PNI;6.9851;158.2090;Pohnpei
PNK;-0.1507;109.4040;Pontianak
PNL;36.8165;11.9689;Pantelleria
PNP;-8.8045;148.3090;Girua
PNQ;18.5821;73.9197;Pune
PNR;-4.8160;11.8866;Pointe-noire
PNS;30.4734;-87.1866;Pensacola
PNT;-51.6715;-72.5284;Puerto Natales
PNV;55.7294;24.4608;Panevezys
PNY;11.9680;79.8120;Pendicherry
PNZ;-9.3624;-40.5691;Petrolina
POA;-29.9944;-51.1714;Porto Alegre
POB;35.1709;-79.0145;Fort Bragg
POC;34.0916;-117.7820;La Verne
POE;31.0448;-93.1917;Fort Polk
POF;36.7739;-90.3249;Poplar Bluff
POG;-0.7117;8.7544;Port Gentil
POI;-19.5431;-65.7237;Potosi
POJ;-18.6728;-46.4912;Patos de Minas
POL;-12.9918;40.5240;Pemba
POM;-9.4434;147.2200;Port Moresby
POO;-21.8430;-46.5679;Pocos De Caldas
POP;19.7579;-70.5700;Puerto Plata
POR;61.4617;21.8000;Pori
POS;10.5954;-61.3372;Port-of-spain
POT;18.1988;-76.5345;Port Antonio
POU;41.6266;-73.8842;Poughkeepsie
POW;45.4734;13.6150;Portoroz
POX;49.0967;2.0408;Pontoise
POZ;52.4210;16.8263;Poznan
PPA;35.6130;-100.9960;Pampa
PPB;-22.1751;-51.4246;President Prudente
PPC;66.8141;-150.6440;Prospect Creek
PPE;31.3520;-113.3052;Punta Penasco
PPF;37.3299;-95.5062;Parsons
PPG;-14.3310;-170.7100;Pago Pago
PPI;-33.2389;137.9950;Port Pirie Airport
PPK;54.7747;69.1839;Petropavlosk
PPL;27.5178;86.5845;Phaplu
PPM;26.2471;-80.1111;Pompano Beach
PPN;2.4544;-76.6093;Popayan
PPP;-20.4950;148.5520;Prosserpine
PPQ;-40.9047;174.9890;Paraparaumu
PPR;0.8454;100.3700;Pasir Pangaraian
PPS;9.7421;118.7590;Puerto Princesa
PPT;-17.5537;-149.6070;Papeete
PPW;59.3517;-2.9003;Papa Westray
PPY;-22.2892;-45.9191;Pouso Alegre
PQC;10.1698;103.9931;Phuquoc
PQI;46.6890;-68.0448;Presque Isle
PQM;17.5332;-92.0155;Palenque
PQQ;-31.4358;152.8630;Port Macquarie
PRA;-31.7948;-60.4804;Parana
PRB;35.6729;-120.6270;Paso Robles
PRC;34.6545;-112.4200;Prescott
PRG;50.1008;14.2600;Prague
PRH;18.1322;100.1650;Phrae
PRI;-4.3193;55.6914;Praslin
PRM;37.1493;-8.5840;Portimao
PRN;42.5728;21.0358;Pristina
PRP;41.6606;8.8897;Propriano
PRQ;-26.7536;-60.4922;Presidencia R.s.pena
PRU;18.8245;95.2660;Pyay
PRV;49.4258;17.4047;Prerov
PRX;33.6366;-95.4508;Paris
PRY;-25.6539;28.2242;Pretoria
PRZ;44.2870;-120.9040;Prineville
PSA;43.6839;10.3927;Pisa
PSC;46.2647;-119.1190;Pasco
PSD;31.2794;32.2400;Port Said
PSE;18.0083;-66.5630;Ponce
PSG;56.8017;-132.9450;Petersburg
PSH;54.3089;8.6869;Sankt Peter-Ording
PSI;25.2905;63.3451;Pasni
PSJ;-1.4167;120.6580;Poso
PSL;56.4392;-3.3722;Perth
PSM;43.0779;-70.8233;Portsmouth
PSO;1.3962;-77.2915;Pasto
PSP;33.8297;-116.5070;Palm Springs
PSR;42.4317;14.1811;Pescara
PSS;-27.3858;-55.9707;Posadas
PSU;0.8356;112.9370;Putussibau-Borneo Island
PSX;28.7275;-96.2510;Palacios
PSY;-51.6857;-57.7776;Stanley
PSZ;-18.9753;-57.8206;Puerto Suarez
PTA;60.2017;-154.3259;Port alsworth
PTB;37.1838;-77.5074;Petersburg
PTF;-17.7779;177.1970;Malolo Lailai Island
PTG;-23.8453;29.4586;Potgietersrus
PTH;56.9591;-158.6330;Port Heiden
PTJ;-38.3181;141.4710;Portland
PTK;42.6655;-83.4201;Pontiac
PTM;7.5667;-70.1833;Palmarito
PTP;16.2653;-61.5318;Pointe-a-pitre
PTT;37.7016;-98.7469;Pratt
PTU;59.0114;-161.8200;Port Moller
PTX;1.8578;-76.0857;Pitalito
PTY;9.0714;-79.3835;Panama City
PTZ;-1.5052;-78.0627;Pastaza
PUB;38.2891;-104.4970;Pueblo
PUC;39.6139;-110.7510;Price
PUD;-47.7353;-65.9041;Puerto Deseado
PUE;8.6670;-77.4180;Puerto Obaldia
PUF;43.3800;-0.4186;Pau
PUG;-32.5069;137.7170;Argyle
PUJ;18.5674;-68.3634;Punta Cana
PUK;-18.2956;-137.0170;Pukarua
PUQ;-53.0026;-70.8546;Punta Arenas
PUR;-11.1077;-67.5512;Puerto Rico/Manuripi
PUS;35.1795;128.9380;Busan
PUT;14.1493;77.7911;Puttaparthi
PUU;0.5052;-76.5008;Puerto Asis
PUW;46.7439;-117.1100;Pullman
PUY;44.8935;13.9222;Pula
PUZ;14.0472;-83.3867;Puerto Cabezas
PVA;13.3569;-81.3583;Providencia
PVC;42.0719;-70.2214;Provincetown
PVD;41.7326;-71.4204;Providence
PVG;31.1434;121.8050;Shanghai
PVH;-8.7093;-63.9023;Porto Velho
PVK;38.9255;20.7653;Preveza
PVL;37.5618;-82.5664;Pikeville
PVO;-1.0417;-80.4722;Portoviejo
PVR;20.6801;-105.2540;Puerto Vallarta
PVS;64.3781;-173.2430;Provideniya Bay
PVU;40.2192;-111.7230;Provo
PWA;35.5342;-97.6471;Oklahoma City
PWE;69.7833;170.5970;Pevek
PWK;42.1142;-87.9015;Chicago-Wheeling
PWM;43.6462;-70.3093;Portland
PWQ;52.1950;77.0739;Pavlodar
PWT;47.4902;-122.7650;Bremerton
PWY;42.7955;-109.8070;Pinedale
PXH;-29.7160;135.5244;Prominent Hill
PXM;15.8769;-97.0891;Puerto Escondido
PXO;33.0734;-16.3500;Porto Santo
PXR;14.8683;103.4980;Surin
PXU;14.0045;108.0170;Pleiku
PYB;18.8800;82.5520;Jeypore
PYE;-9.0144;-158.0324;Penrhyn Island
PYH;5.6200;-67.6061;Puerto Ayacucho
PYJ;66.4004;112.0300;Yakutia
PYK;35.7761;50.8267;Karaj
PYM;41.9090;-70.7288;Plymouth
PYR;37.9207;21.2926;Andravida
PYY;19.3720;98.4370;Pai
PZA;5.8761;-71.8866;Paz De Ariporo
PZB;-29.6490;30.3987;Pietermaritzburg
PZE;50.1281;-5.5184;Penzance
PZH;31.3584;69.4636;Zhob
PZI;26.5400;101.7985;Panzhihua
PZL;-27.8494;32.3097;Phinda
PZO;8.2885;-62.7604;Guayana
PZS;-38.7668;-72.6371;Temuco
PZU;19.4336;37.2341;Port Sudan
PZY;48.6252;17.8284;Piestany
QBC;52.3875;-126.5960;Bella Coola
QCJ;-22.9395;-48.4680;Botucatu
QCY;53.0930;-0.1660;Coningsby
QDJ;34.6657;3.3510;Djelfa
QEF;49.9600;8.6458;Egelsbach
QFG;60.6197;-45.9141;Eqalugaarsuit
QFO;52.0908;0.1319;Duxford
QGQ;67.9407;-53.6219;Attu
QGU;35.3941;136.8700;Gifu
QHP;-23.0401;-45.5160;Taubaté
QHR;8.7163;39.0059;Debre Zeyit
QIG;-6.3466;-39.2938;Iguatu
QJB;27.0390;49.4051;Jubail
QJE;68.8579;-53.1233;Kitsissuarsuit
QJI;68.6343;-51.8323;Ikamiut
QKX;69.0403;23.0340;Kautokeino
QLA;51.1872;-1.0335;Lasham
QLD;36.5036;2.8142;Blida
QLF;61.1442;25.6935;Vesivehmaa
QLP;44.0880;9.9879;Sarzana (SP)
QLR;39.8283;-8.8875;Monte Real
QLS;46.5453;6.6167;Lausanne
QLT;41.5424;12.9090;Latina
QNC;46.9575;6.8647;Neuchatel
QND;45.3858;19.8392;Novi Sad
QNJ;46.1920;6.2684;Annemasse
QNV;-22.7453;-43.4603;Nova Iguacu
QOW;5.4271;7.2060;Imo
QPA;45.3958;11.8479;Padova
QPD;22.4214;-83.6784;Pinar Del Rio Norte
QPG;1.3604;103.9100;Paya Lebar
QPS;-21.9846;-47.3348;Piracununga
QPW;68.3127;-53.4602;Kangaatsiaq
QQT;69.9959;-51.3009;Qeqertaq
QRA;-26.2425;28.1512;Johannesburg
QRC;-34.1737;-70.7757;Rancagua
QRM;-32.2147;148.2250;Narromine Airport
QRO;20.6173;-100.1860;Queretaro
QRR;-31.7333;147.8030;Warren Airport
QRW;5.5961;5.8178;Osubi
QRY;68.1409;-53.4415;Ikerasaarsuk
QSA;41.5209;2.1051;Sabadell
QSC;-21.8754;-47.9037;Sao Carlos
QSF;36.1781;5.3245;Setif
QSI;-3.3633;37.3269;Moshi
QSN;22.7561;-81.9209;San Nicolás
QSR;40.6204;14.9113;Salerno
QSZ;38.2811;77.0752;Yarkant
QUG;50.8594;-0.7592;Goodwood
QUO;4.8725;8.0930;Uyo
QUY;52.3572;-0.1078;Wyton
QXH;52.2036;13.1564;Schoenhagen
QYD;54.5797;18.5172;Gdynia
RAB;-4.3405;152.3800;Tokua
RAC;42.7606;-87.8152;Racine
RAE;30.9066;41.1382;Arar
RAH;29.6264;43.4906;Rafha
RAI;14.9245;-23.4935;Praia, Santiago Island
RAJ;22.3092;70.7795;Rajkot
RAK;31.6069;-8.0363;Marrakech
RAL;33.9519;-117.4450;Riverside
RAM;-12.3564;134.8980;Ramingining
RAO;-21.1364;-47.7767;Ribeirao Preto
RAP;44.0453;-103.0570;Rapid City
RAQ;-4.7606;122.5694;Raha
RAR;-21.2027;-159.8060;Avarua
RAS;37.3233;49.6178;Rasht
RAT;62.1586;77.3289;Raduzhnyi
RAZ;33.8497;73.7981;Rawala Kot
RBA;34.0515;-6.7515;Rabat
RBB;-4.4063;-59.6024;Borba
RBD;32.6809;-96.8682;Dallas
RBE;13.7300;106.9870;Ratanakiri
RBK;33.5742;-117.1280;Murrieta-Temecula
RBL;40.1507;-122.2520;Red Bluff
RBM;48.9008;12.5167;Straubing
RBQ;-14.4279;-67.4968;Rerrenabaque
RBR;-9.8689;-67.8981;Rio Branco
RBV;-8.1681;157.6430;Ramata
RBX;6.8250;29.6690;Rumbek
RBY;64.7272;-155.4700;Ruby
RCA;44.1450;-103.1040;Rapid City
RCB;-28.7410;32.0921;Richard's Bay
RCH;11.5262;-72.9260;Rio Hacha
RCL;-15.4720;167.8350;Redcliffe
RCM;-20.7019;143.1150;Richmond
RCO;45.8878;-0.9831;Rochefort
RCQ;-29.2103;-59.6800;Reconquista
RCS;51.3519;0.5033;Rochester
RCU;-33.0851;-64.2613;Rio Cuarto
RCY;23.6844;-74.8362;Port Nelson
RDB;68.0321;-162.8990;Red Dog
RDC;-8.0333;-49.9799;Redencao
RDD;40.5090;-122.2930;Redding
RDG;40.3785;-75.9652;Reading
RDM;44.2541;-121.1500;Redmond-Bend
RDN;5.7653;103.0070;Redang
RDO;51.3892;21.2133;RADOM
RDP;23.6225;87.2430;Durgapur
RDR;47.9611;-97.4012;Red River
RDS;-37.3906;-68.9042;Rincon de los Sauces
RDU;35.8776;-78.7875;Raleigh-durham
RDZ;44.4079;2.4827;Rodez
REA;-18.4659;-136.4400;Reao
REB;53.3064;12.7522;Rechlin-laerz
REC;-8.1265;-34.9236;Recife
REG;38.0712;15.6516;Reggio Calabria
REL;-43.2105;-65.2703;Trelew
REN;51.7958;55.4567;Orenburg
REP;13.4107;103.8130;Siem-reap
RER;14.5210;-91.6973;Retalhuleu
RES;-27.4500;-59.0561;Resistencia
RET;67.5278;12.1033;Røst
REU;41.1474;1.1672;Reus
REX;26.0089;-98.2285;Reynosa
REY;-14.3044;-67.3534;Reyes
REZ;-22.4785;-44.4803;Resende
RFD;42.1954;-89.0972;Rockford
RFP;-16.7229;-151.4660;Raiatea Island
RFS;13.8897;-84.4089;Rosita
RGA;-53.7777;-67.7494;Rio Grande
RGI;-14.9543;-147.6610;Rangiroa
RGK;51.9667;85.8333;Gorno-Altaysk
RGL;-51.6089;-69.3126;Rio Gallegos
RGN;16.9073;96.1332;Yangon
RGO;41.4285;129.6476;Chongjin
RGS;42.3576;-3.6208;Burgos
RGT;-0.3528;102.3350;Rengat
RHD;-27.4966;-64.9360;Rio Hondo
RHE;49.3100;4.0500;Reims
RHI;45.6312;-89.4675;Rhinelander
RHO;36.4054;28.0862;Rhodos
RHP;27.3940;86.0614;Ramechhap
RHT;39.2250;101.5460;Alxa Right Banner
RHV;37.3329;-121.8190;San Jose
RIA;-29.7114;-53.6882;Santa Maria
RIB;-11.0000;-66.0000;Riberalta
RIC;37.5052;-77.3197;Richmond
RIH;8.3759;-80.1279;Rio Hato
RIJ;-6.0679;-77.1600;Rioja
RIL;39.5263;-107.7270;Rifle
RIN;-8.1264;157.1430;Ringi Cove
RIS;45.2420;141.1860;Rishiri Island
RIV;33.8807;-117.2590;Riverside
RIW;43.0642;-108.4600;Riverton WY
RIX;56.9236;23.9711;Riga
RIY;14.6626;49.3750;Mukalla
RIZ;35.4050;119.3244;Rizhao
RJA;17.1104;81.8182;Rajahmundry
RJB;26.5101;86.7339;Rajbiraj
RJH;24.4372;88.6165;Rajshahi
RJK;45.2169;14.5703;Rijeka
RJL;42.4610;-2.3222;Logroño-Agoncillo
RJN;30.2977;56.0511;Rafsanjan
RKD;44.0601;-69.0992;Rockland
RKE;55.5856;12.1314;Copenhagen
RKH;34.9878;-81.0572;Rock Hill
RKO;-2.0991;99.7007;Sipora
RKP;28.0868;-97.0446;Rockport
RKS;41.5942;-109.0650;Rock Springs
RKT;25.6135;55.9388;Ras Al Khaimah
RKV;64.1300;-21.9406;Reykjavik
RKZ;29.3519;89.3114;Shigatse
RLG;53.9182;12.2783;Laage
RLK;40.9260;107.7428;Bayannur
RMA;-26.5450;148.7750;Roma
RME;43.2338;-75.4070;Rome
RMF;25.5571;34.5837;Marsa Alam
RMG;34.3506;-85.1580;Rome
RMI;44.0203;12.6117;Rimini
RMK;-34.1964;140.6740;Renmark
RML;6.8220;79.8862;Colombo
RMQ;24.2647;120.6210;Taichung
RMS;49.4369;7.6003;Ramstein
RMT;-22.6373;-152.8059;Rimatara
RMU;37.8030;-1.1250;Murcia
RMY;37.5109;-120.0400;Mariposa
RNA;-9.8605;161.9795;Ulawa
RNB;56.2667;15.2650;Ronneby
RND;29.5297;-98.2789;San Antonio
RNE;46.0583;4.0014;Roanne
RNI;12.1629;-83.0638;Corn Island
RNJ;27.0440;128.4020;Yoron
RNL;-11.5339;160.0630;Rennell Island
RNN;55.0633;14.7596;Ronne
RNO;39.4991;-119.7680;Reno
RNS;48.0695;-1.7348;Rennes
RNT;47.4931;-122.2160;Renton
RNZ;40.9479;-87.1826;Rensselaer
ROA;37.3255;-79.9754;Roanoke VA
ROB;6.2338;-10.3623;Monrovia
ROC;43.1189;-77.6724;Rochester
ROD;-33.8122;19.9028;Robertson
ROI;16.1168;103.7740;Roi Et
ROK;-23.3819;150.4750;Rockhampton
ROO;-16.5860;-54.7248;Rondonopolis
ROP;14.1743;145.2430;Rota
ROR;7.3673;134.5442;Babelthuap
ROS;-32.9036;-60.7850;Rosario
ROT;-38.1092;176.3170;Rotorua
ROV;47.4939;39.9247;Rostov
ROW;33.3016;-104.5310;Roswell
ROZ;36.6452;-6.3495;Rota
RPB;-14.7348;134.5255;Roper Bar
RPM;-14.7228;134.7470;Ngukurr Airport
RPN;32.9810;35.5719;Rosh Pina
RPR;21.1804;81.7388;Raipur
RQW;35.7672;43.1251;Qayyarah
RRG;-19.7577;63.3610;Rodriguez Island
RRK;22.2567;84.8146;Rourkela
RRR;-16.0450;-142.4769;Raroia
RRS;62.5784;11.3423;Roros
RSA;-36.5883;-64.2757;Santa Rosa
RSD;24.8951;-76.1769;Rock Sound
RSH;61.7789;-161.3195;Russian Mission
RSL;38.8721;-98.8118;Russell
RSS;11.7859;34.3367;Damazin
RST;43.9083;-92.5000;Rochester
RSU;34.8423;127.6170;Yeosu
RSW;26.5362;-81.7552;Fort Myers
RTA;-12.4825;177.0710;Rotuma
RTB;16.3168;-86.5230;Roatan
RTC;17.0136;73.3278;Ratnagiri Airport
RTG;-8.5970;120.4770;Ruteng
RTM;51.9569;4.4372;Rotterdam
RTN;36.7415;-104.5020;Raton
RTS;-32.0067;115.5400;Rottnest Island
RTW;51.5650;46.0467;Saratov
RUA;3.0500;30.9170;Arua
RUD;36.4253;55.1042;Emam Shahr
RUG;32.2579;120.5017;Rugao
RUH;24.9576;46.6988;Riyadh
RUI;33.4628;-105.5350;Ruidoso
RUK;28.6270;82.1950;Rukumkot
RUM;27.3035;86.5504;Rumjatar
RUN;-20.8871;55.5103;St.-denis
RUR;-22.4341;-151.3610;Rurutu
RUS;-9.8617;160.8250;Marau
RUT;43.5294;-72.9496;Rutland
RUV;15.9920;-90.4453;Rubelsanto
RVA;-22.8053;47.8206;Farafangana
RVD;-17.8347;-50.9561;Rio Verde
RVE;6.9519;-71.8572;Saravena
RVK;64.8383;11.1461;Rørvik
RVN;66.5648;25.8304;Rovaniemi
RVS;36.0396;-95.9846;Tulsa
RVT;-33.7972;120.2080;Ravensthorpe
RVV;-23.8852;-147.6620;Raivavae
RVY;-30.9746;-55.4762;Rivera
RWF;44.5472;-95.0823;Redwood Falls
RWI;35.8563;-77.8919;Rocky Mount
RWL;41.8056;-107.2000;Rawlins
RWN;50.6071;26.1416;Rivne
RXS;11.5977;122.7520;Roxas City
RYB;58.1042;38.9294;Rybinsk
RYG;59.3788;10.7854;Rygge
RYK;28.3839;70.2796;Rahim Yar Khan
RYN;45.6281;-0.9725;Royan
RZA;-50.0165;-68.5792;Santa Cruz
RZE;50.1100;22.0190;Rzeszow
RZP;10.8187;119.5077;Taytay
RZR;36.9099;50.6796;Ramsar
RZS;26.9662;68.8781;Sindh
SAA;41.4449;-106.8240;SARATOGA
SAB;17.6450;-63.2200;Saba
SAC;38.5125;-121.4930;Sacramento
SAD;32.8548;-109.6350;Safford
SAF;35.6171;-106.0890;Santa Fe
SAG;19.6886;74.3789;Shirdi
SAH;15.4763;44.2197;Sanaa
SAK;65.7317;-19.5728;Saudarkrokur
SAL;13.4409;-89.0557;San Salvador
SAN;32.7336;-117.1900;San Diego
SAP;15.4526;-87.9236;San Pedro Sula
SAQ;25.0538;-78.0490;San Andros
SAT;29.5337;-98.4698;San Antonio
SAV;32.1276;-81.2021;Savannah
SAW;40.8986;29.3092;Istanbul
SAY;43.2563;11.2550;Siena
SBA;34.4262;-119.8400;Santa Barbara
SBB;7.8035;-71.1657;Santa Barbara
SBD;34.0954;-117.2350;San Bernardino
SBG;5.8741;95.3397;Sabang
SBH;17.9044;-62.8436;Gustavia
SBK;48.5378;-2.8544;St.-brieuc Armor
SBL;-13.7622;-65.4352;Santa Ana
SBM;43.7696;-87.8514;Sheboygan
SBN;41.7087;-86.3173;South Bend
SBP;35.2368;-120.6420;San Luis Obispo
SBR;-9.3783;142.6250;Saibai Island
SBS;40.5163;-106.8660;Steamboat Springs
SBT;71.2192;72.0522;Sabetta
SBU;-29.6893;17.9396;Springbok
SBW;2.2616;111.9850;Sibu
SBY;38.3405;-75.5103;Salisbury
SBZ;45.7856;24.0913;Sibiu
SCC;70.1947;-148.4650;Deadhorse
SCE;40.8493;-77.8487;State College Pennsylvania
SCF;33.6229;-111.9110;Scottsdale
SCH;42.8525;-73.9289;Scotia NY
SCI;7.8013;-72.2029;San Cristobal
SCK;37.8942;-121.2380;Stockton
SCL;-33.3930;-70.7858;Santiago
SCM;61.8453;-165.5710;Scammon Bay
SCN;49.2146;7.1095;Saarbruecken
SCO;43.8601;51.0920;Aktau
SCQ;42.8963;-8.4151;Santiago
SCS;60.4328;-1.2961;Scatsta
SCT;12.6307;53.9058;Socotra
SCU;19.9698;-75.8354;Santiago De Cuba
SCV;47.6875;26.3541;Suceava
SCW;61.6470;50.8451;Syktyvkar
SCY;-0.9102;-89.6174;San Cristóbal
SCZ;-10.7203;165.7950;Santa Cruz/Graciosa Bay/Luova
SDB;-32.9689;18.1603;Langebaanweg
SDD;-14.9247;13.5750;Lubango
SDE;-27.7656;-64.3100;Santiago Del Estero
SDF;38.1744;-85.7360;Louisville
SDG;35.2459;47.0092;Sanandaj
SDJ;38.1397;140.9170;Sendai
SDK;5.9009;118.0590;Sandakan
SDL;62.5281;17.4439;Sundsvall
SDM;32.5723;-116.9800;San Diego
SDN;61.8300;6.1058;Sandane
SDP;55.3150;-160.5230;Sand Point
SDQ;18.4297;-69.6689;Santo Domingo
SDR;43.4271;-3.8200;Santander
SDS;38.0602;138.4140;Sado
SDT;34.8136;72.3528;Saidu Sharif
SDU;-22.9105;-43.1631;Rio De Janeiro
SDV;32.1147;34.7822;Tel-aviv
SDX;34.8486;-111.7880;Sedona
SDY;47.7069;-104.1930;Sidney
SEA;47.4490;-122.3090;Seattle
SEB;26.9870;14.4725;Sebha
SEE;32.8262;-116.9720;El Cajon
SEF;27.4564;-81.3424;Sebring
SEH;-3.4500;140.7790;Senggeh-Papua Island
SEK;67.4805;153.7364;Srednekolymsk
SEM;32.3439;-86.9878;Selma
SEN;51.5714;0.6956;Southend
SEP;32.2153;-98.1777;Stephenville
SEU;-2.4581;34.8225;Seronera
SEY;15.1797;-12.2073;Selibabi
SEZ;-4.6743;55.5218;Mahe
SFA;34.7180;10.6910;Sfax
SFB;28.7776;-81.2375;Sanford
SFC;16.2578;-61.2625;St-François
SFD;7.8833;-67.4440;San Fernando De Apure
SFE;16.5956;120.3030;San Fernando
SFF;47.6828;-117.3230;Spokane
SFG;18.0999;-63.0472;St. Martin
SFH;30.9302;-114.8090;San Filipe
SFJ;67.0122;-50.7116;Sondrestrom
SFK;-0.6994;-48.5210;Soure
SFL;14.8850;-24.4800;Sao Filipe, Fogo Island
SFN;-31.7117;-60.8117;Santa Fe
SFO;37.6190;-122.3750;San Francisco
SFQ;37.0943;38.8471;Sanliurfa
SFS;14.7944;120.2710;Olongapo City
SFT;64.6248;21.0769;Skelleftea
SFZ;41.9208;-71.4914;Smithfield
SGC;61.3437;73.4018;Surgut
SGD;54.9644;9.7917;Soenderborg
SGE;50.7077;8.0830;Siegerland
SGF;37.2457;-93.3886;Springfield
SGH;39.8403;-83.8402;Springfield
SGI;32.0486;72.6650;Sargodha
SGN;10.8188;106.6520;Ho Chi Minh City
SGO;-28.0497;148.5950;St George
SGQ;0.3847;117.5430;Sanggata
SGR;29.6223;-95.6565;Sugar Land
SGU;37.0364;-113.5103;Saint George
SGV;-41.5917;-65.3394;Sierra Grande
SGX;-10.6830;35.5830;Songea
SGY;59.4601;-135.3160;Skagway
SGZ;7.1866;100.6080;Songkhla
SHA;31.1979;121.3360;Shanghai
SHB;43.5775;144.9600;Nakashibetsu
SHD;38.2638;-78.8964;Weyers Cave
SHE;41.6398;123.4830;Shenyang
SHG;66.8881;-157.1620;Shungnak
SHH;66.2496;-166.0891;Shishmaref
SHI;24.8267;125.1450;Shimojishima
SHJ;25.3286;55.5172;Sharjah
SHL;25.7036;91.9787;Shillong
SHM;33.6622;135.3640;Nanki-shirahama
SHN;47.2336;-123.1480;Shelton
SHO;-26.3586;31.7169;Manzini
SHP;39.9681;119.7310;Qinhuangdao
SHR;44.7692;-106.9800;Sheridan
SHT;-36.4289;145.3930;Shepparton
SHV;32.4466;-93.8256;Shreveport
SHW;17.4669;47.1214;Sharurah
SHX;62.6923;-159.5690;Shageluk
SHY;-3.6093;33.5035;Shinyanga
SIA;34.3767;109.1200;Xi\'AN
SID;16.7414;-22.9494;Amilcar Cabral
SIF;27.1595;84.9801;Simara
SIG;18.4568;-66.0981;San Juan
SIJ;66.1333;-18.9167;Siglufjordur
SIK;36.8989;-89.5618;Sikeston
SIN;1.3502;103.9940;Singapore
SIO;-40.8350;145.0840;Smithton Airport
SIP;45.0522;33.9751;Simferopol
SIQ;-0.4792;104.5790;Singkep
SIR;46.2196;7.3268;Sion
SIS;-27.6486;22.9993;Sishen
SIT;57.0471;-135.3620;Sitka
SIU;13.7272;-84.7778;Siuna
SJC;37.3626;-121.9290;San Jose
SJD;23.1518;-109.7210;San Jose Del Cabo
SJE;2.5797;-72.6394;San Jose Del Guaviare
SJI;12.3615;121.0470;San Jose
SJJ;43.8246;18.3315;Sarajevo
SJK;-23.2292;-45.8615;Sao Jose Dos Campos
SJL;-0.1484;-66.9855;Sao Gabriel
SJO;9.9939;-84.2088;San Jose
SJP;-20.8166;-49.4065;Sao Jose Do Rio Preto
SJT;31.3577;-100.4960;San Angelo
SJU;18.4394;-66.0018;San Juan
SJW;38.2807;114.6970;Shijiazhuang
SJY;62.6921;22.8323;Seinäjoki / Ilmajoki
SJZ;38.6655;-28.1758;Sao Jorge Island
SKA;47.6151;-117.6560;Spokane
SKB;17.3112;-62.7187;Basse Terre
SKD;39.7005;66.9838;Samarkand
SKE;59.1850;9.5669;Skien
SKF;29.3842;-98.5811;San Antonio
SKG;40.5197;22.9709;Thessaloniki
SKH;28.5860;81.6360;Surkhet
SKK;64.3711;-161.2240;Shaktoolik
SKN;68.5788;15.0334;Stokmarknes
SKO;12.9163;5.2072;Sokoto
SKP;41.9616;21.6214;Skopje
SKS;55.2210;9.2670;Skrydstrup
SKT;32.5356;74.3639;Sialkot
SKU;38.9676;24.4872;Skiros
SKV;28.6853;34.0625;St. Catherine
SKX;54.1251;45.2123;Saransk
SKY;41.4334;-82.6523;Sandusky
SKZ;27.7220;68.7917;Sukkur
SLA;-24.8560;-65.4862;Salta
SLC;40.7884;-111.9780;Salt Lake City
SLD;48.6378;19.1341;Sliac
SLE;44.9095;-123.0030;Salem
SLF;20.4647;45.6196;Sulayel
SLH;-13.8517;167.5370;Sola
SLJ;-22.2554;117.7627;Solomon
SLK;44.3853;-74.2062;Saranac Lake
SLL;17.0387;54.0913;Salalah
SLM;40.9521;-5.5020;Salamanca
SLN;38.7910;-97.6522;Salina
SLP;22.2543;-100.9310;San Luis Potosi
SLQ;61.7005;-157.1660;Sleetmute
SLU;14.0202;-60.9929;Castries
SLV;31.0818;77.0680;Shimla
SLW;25.5495;-100.9290;Saltillo
SLX;21.3330;-71.2000;Salt Cay
SLY;66.5908;66.6110;Salekhard
SLZ;-2.5854;-44.2341;Sao Luis
SMA;36.9714;-25.1706;Santa Maria (island)
SMD;41.1434;-85.1528;Fort Wayne IN
SME;37.0534;-84.6159;Somerset
SMF;38.6954;-121.5910;Sacramento
SMI;37.6900;26.9117;Samos
SMK;63.4901;-162.1100;St. Michael
SML;23.5823;-75.2686;Stella Maris
SMN;45.1238;-113.8810;Salmon
SMO;34.0158;-118.4510;Santa Monica
SMQ;-2.4992;112.9750;Sampit-Borneo Island
SMR;11.1196;-74.2306;Santa Marta
SMS;-17.0939;49.8158;Sainte Marie
SMT;-12.4792;-55.6723;Sorriso
SMV;46.5341;9.8841;Samedan
SMW;26.7318;-11.6847;Smara
SMX;34.8989;-120.4570;Santa Maria
SMZ;4.3500;-54.4167;Stoelmans Eiland
SNA;33.6757;-117.8680;Santa Ana
SNB;-11.4228;130.6540;Snake Bay Airport
SNC;-2.2050;-80.9889;Salinas
SNE;16.5884;-24.2847;Sao Nocolau Island
SNF;10.2787;-68.7552;San Felipe
SNJ;22.0953;-84.1520;Pinar Del Rio
SNN;52.7020;-8.9248;Shannon
SNO;17.1951;104.1190;Sakon Nakhon
SNP;57.1673;-170.2200;St. Paul Island
SNR;47.3106;-2.1567;St.-nazaire
SNS;36.6628;-121.6060;Salinas
SNU;22.4922;-79.9436;Santa Clara
SNV;4.5550;-61.1500;Santa Ana De Uairen
SNW;18.4607;94.3001;Thandwe
SNY;41.1013;-102.9850;Sidney
SNZ;-22.9324;-43.7191;Rio De Janeiro
SOB;46.6864;17.1591;Sármellék
SOC;-7.5161;110.7570;Solo City
SOD;-23.4780;-47.4900;Sorocaba
SOF;42.6967;23.4114;Sofia
SOG;61.1561;7.1378;Sogndal
SOJ;69.7868;20.9594;Sorkjosen
SOM;8.9451;-64.1511;San Tome
SON;-15.5050;167.2200;Santo
SOO;61.2615;17.0991;Soderhamn
SOP;35.2374;-79.3912;Pinehurst-Southern Pines
SOQ;-0.8940;131.2870;Sorong
SOT;67.3950;26.6191;Sodankyla
SOU;50.9503;-1.3568;Southampton
SOV;59.4424;-151.7040;Seldovia
SOW;34.2655;-110.0060;Show Low
SOY;59.1553;-2.6414;Stronsay
SOZ;41.9244;9.4060;Solenzara
SPA;34.9157;-81.9565;Spartangurg
SPB;18.3386;-64.9407;Charlotte Amalie
SPC;28.6265;-17.7556;Santa Cruz De La Palma
SPD;25.7592;88.9089;Saidpur
SPF;44.4803;-103.7830;Spearfish-South Dakota
SPG;27.7651;-82.6270;St. Petersburg
SPI;39.8441;-89.6779;Springfield
SPJ;36.9739;22.5263;Sparti
SPM;49.9727;6.6925;Spangdahlem
SPN;15.1190;145.7290;Saipan
SPP;-14.6576;17.7198;Menongue
SPR;17.9139;-87.9711;San Pedro
SPS;33.9888;-98.4919;Wichita Falls
SPU;43.5389;16.2980;Split
SPW;43.1655;-95.2028;Spencer
SPY;4.7467;-6.6608;San Pedro
SQA;34.6068;-120.0760;Santa Ynez
SQD;28.3797;117.9643;Shangrao
SQG;0.0636;111.4730;Sintang-Borneo Island
SQH;21.2170;104.0330;Son-La
SQJ;26.4263;117.8336;Sanming
SQL;37.5119;-122.2500;San Carlos
SQN;-2.0805;125.9670;Sanana
SQO;64.9609;17.6966;Mohed
SQQ;55.8939;23.3950;Siauliai
SQR;-2.5312;121.3580;Soroako
SQW;56.5502;9.1730;Skive
SQX;-26.7816;-53.5035;Sao Miguel do Oeste
SQZ;53.3078;-0.5508;Scampton
SRA;-27.9067;-54.5204;Santa Rosa
SRE;-19.0071;-65.2887;Sucre
SRG;-6.9727;110.3750;Semarang
SRH;9.1444;18.3744;Sarh
SRI;-0.4845;117.1570;Samarinda
SRJ;-14.8592;-66.7375;San Borja
SRN;-42.1550;145.2920;Strahan
SRP;59.7919;5.3408;Stord
SRQ;27.3954;-82.5544;Sarasota
SRT;1.7277;33.6228;Soroti
SRX;31.0635;16.5950;Sirt
SRY;36.6358;53.1936;Dasht-e-naz
SRZ;-17.8116;-63.1715;Santa Cruz
SSA;-12.9086;-38.3225;Salvador
SSC;33.9727;-80.4706;Sumter
SSE;17.6280;75.9348;Sholapur
SSF;29.3370;-98.4711;Stinson
SSG;3.7553;8.7087;Malabo
SSH;27.9773;34.3950;Sharm El Sheikh
SSI;31.1518;-81.3913;Brunswick
SSJ;65.9568;12.4689;Sandnessjoen
SSN;37.4447;127.1127;Seoul East
SSR;-15.4708;168.1520;Pentecost Island
SST;-36.5423;-56.7218;Santa Teresita
SSY;-6.2699;14.2470;M'banza-congo
SSZ;-23.9281;-46.2997;Santos
STA;55.9901;8.3539;Stauning
STB;8.9746;-71.9433;Santa Barbara
STC;45.5466;-94.0599;Saint Cloud
STD;7.5654;-72.0351;Santo Domingo
STE;44.5452;-89.5303;Stevens Point
STG;56.5783;-169.6620;Point Barrow
STI;19.4061;-70.6047;Santiago
STJ;39.7719;-94.9097;Rosecrans
STK;40.6153;-103.2650;Sterling
STL;38.7487;-90.3700;St. Louis
STM;-2.4247;-54.7858;Santarem
STN;51.8850;0.2350;London
STP;44.9345;-93.0600;St. Paul
STR;48.6899;9.2220;Stuttgart
STS;38.5090;-122.8130;Santa Rosa
STT;18.3373;-64.9734;St. Thomas
STV;21.1141;72.7418;Surat
STW;45.1092;42.1128;Stavropol
STX;17.7019;-64.7986;St. Croix Island
STY;-31.4385;-57.9853;Salto
STZ;-10.4647;-50.5186;Santa Terezinha
SUA;27.1817;-80.2211;Stuart
SUB;-7.3798;112.7870;Surabaya
SUF;38.9054;16.2423;Lamezia
SUG;9.7558;125.4809;Sangley Point
SUI;42.8582;41.1281;Sukhumi
SUJ;47.7033;22.8857;Satu Mare
SUK;67.7920;130.3940;Batagay-Alyta
SUL;28.6451;69.1769;Sui
SUN;43.5044;-114.2960;Hailey
SUP;-7.0242;113.8902;Sumenep
SUR;52.7086;-88.5419;Summer Beaver
SUS;38.6621;-90.6520;Null
SUU;38.2627;-121.9270;Fairfield
SUV;-18.0433;178.5590;Nausori
SUX;42.4026;-96.3844;Sioux City
SUY;62.1850;117.6350;Suntar
SVA;63.6864;-170.4930;Savoonga
SVB;-14.2786;50.1747;Sambava
SVD;13.1567;-61.1499;Kingstown
SVG;58.8767;5.6378;Stavanger
SVH;35.7653;-80.9539;Statesville
SVI;2.1522;-74.7663;San Vincente De Caguan
SVJ;68.2433;14.6692;Svolvær
SVL;61.9431;28.9451;Savonlinna
SVN;32.0100;-81.1457;Hunter Aaf
SVO;55.9726;37.4146;Moscow
SVP;-12.4046;16.9474;Kuito
SVQ;37.4180;-5.8931;Sevilla
SVU;-16.8028;179.3410;Savusavu
SVW;61.0974;-155.5740;Sparrevohn
SVX;56.7431;60.8027;Yekaterinburg
SVZ;7.8408;-72.4397;San Antonio
SWA;23.5520;116.5033;Shantou
SWC;-37.0717;142.7410;Stawell Airport
SWD;60.1269;-149.4190;Seward
SWF;41.5041;-74.1048;Newburgh
SWH;-35.3758;143.5330;Swan Hill
SWJ;-16.4864;167.4472;Malekula Island
SWO;36.1612;-97.0857;Stillwater
SWP;-22.6619;14.5681;Swakopmund
SWQ;-8.4890;117.4120;Sumbawa Island
SWS;51.6053;-4.0678;Swansea
SWT;60.7094;77.6600;Strezhevoy
SWU;37.2394;127.0070;Suwon
SWX;-18.3739;21.8326;Shakawe
SXB;48.5383;7.6282;Strasbourg
SXE;-38.0908;146.9653;Sale
SXF;52.3800;13.5225;Berlin
SXI;25.9089;54.5394;Siri Island
SXJ;42.9117;90.2475;Shanshan
SXK;-7.9886;131.3060;Saumlaki
SXL;54.2802;-8.5992;Sligo
SXM;18.0410;-63.1089;Philipsburg
SXN;-20.5534;26.1158;Sowa
SXO;-11.6324;-50.6896;Sao Felix do Araguaia
SXQ;60.4757;-151.0340;Soldotna
SXR;33.9871;74.7742;Srinagar
SXV;11.7833;78.0656;Salem
SXX;-6.6413;-51.9523;Sao Felix do Xingu
SXZ;37.9789;41.8404;Siirt
SYA;52.7123;174.1140;Shemya
SYD;-33.9461;151.1770;Sydney
SYH;27.8112;86.7124;Syangboche
SYJ;29.5509;55.6727;Sirjan
SYM;22.7933;100.9590;Simao
SYO;38.8122;139.7870;Shonai
SYP;8.0856;-80.9453;Santiago
SYQ;9.9571;-84.1398;San Jose
SYR;43.1112;-76.1063;Syracuse
SYS;71.9279;114.0800;Saskylakh
SYT;46.4125;4.0133;St.-yan
SYU;-10.2083;142.8250;Sue Islet
SYW;26.4731;67.7172;Sehwan Sharif
SYX;18.3029;109.4120;Sanya
SYY;58.2156;-6.3311;Stornoway
SYZ;29.5392;52.5898;Shiraz
SZA;-6.1411;12.3718;Soyo
SZB;3.1306;101.5490;Kuala Lumpur
SZF;41.2545;36.5671;Samsun
SZG;47.7933;13.0043;Salzburg
SZJ;21.6425;-82.9551;Siguanea
SZK;-24.9609;31.5887;Skukuza
SZL;38.7303;-93.5479;Knobnoster
SZR;42.3767;25.6550;Stara Zagora
SZS;-46.8997;168.1010;Stewart Island
SZT;16.6903;-92.5301;San Cristobal de las Casas
SZV;31.2631;120.4010;Suzhou
SZW;53.4270;11.7834;Parchim
SZX;22.6393;113.8110;Shenzhen
SZY;53.4819;20.9377;Szczytno-Szymany
SZZ;53.5847;14.9022;Szczecin
TAB;11.1497;-60.8322;Scarborough
TAC;11.2280;125.0278;Tacloban
TAE;35.8969;128.6553;Taegu
TAF;35.5424;-0.5323;Oran
TAG;9.6654;123.8535;Tagbilaran
TAH;-19.4551;169.2240;Tanna
TAI;13.6860;44.1391;Taiz
TAK;34.2142;134.0160;Takamatsu
TAM;22.2964;-97.8659;Tampico
TAO;36.2661;120.3740;Qingdao
TAP;14.7943;-92.3700;Tapachula
TAR;40.5175;17.4032;Grottaglie
TAS;41.2579;69.2812;Tashkent
TAT;49.0736;20.2411;Poprad
TAY;58.3075;26.6904;Tartu
TAZ;41.7611;59.8267;Dasoguz
TBB;13.0496;109.3340;Tuy Hoa
TBF;-1.2245;174.7760;Tabiteuea North
TBG;-5.2786;141.2260;Tabubil
TBH;12.3110;122.0850;Romblon
TBI;24.3153;-75.4523;Cat Island
TBJ;36.9800;8.8769;Tabarka
TBN;37.7416;-92.1407;Fort Leonardwood
TBO;-5.0764;32.8333;Tabora
TBP;-3.5525;-80.3814;Tumbes
TBR;32.4827;-81.7369;Statesboro
TBS;41.6692;44.9547;Tbilisi
TBT;-4.2557;-69.9358;Tabatinga
TBU;-21.2412;-175.1500;Tongatapu
TBW;52.8061;41.4828;Tambow
TBZ;38.1339;46.2350;Tabriz
TCA;-19.6344;134.1830;Tennant Creek
TCB;26.7453;-77.3913;Treasure Cay
TCC;35.1828;-103.6030;Tucumcari
TCE;45.0625;28.7143;Tulcea
TCG;46.6725;83.3408;Tacheng
TCH;-2.8500;11.0170;Tchibanga
TCL;33.2206;-87.6114;Tuscaloosa AL
TCM;47.1377;-122.4760;Tacoma
TCN;18.4972;-97.4199;Tehuacan
TCO;1.8144;-78.7492;Tumaco
TCP;29.5878;34.7781;Taba
TCQ;-18.0533;-70.2758;Tacna
TCS;33.2369;-107.2720;Truth Or Consequences
TCX;33.6678;56.8927;Tabas
TCZ;24.9381;98.4858;Tengchong
TDD;-14.8187;-64.9180;Trinidad
TDG;9.0721;126.1710;Tandag
TDJ;11.7830;42.9170;Tadjoura
TDL;-37.2374;-59.2279;Tandil
TDR;-24.9933;150.0930;Theodore
TDS;-7.6217;142.8680;Sasereme
TDX;12.2746;102.3190;Trat
TEA;15.7759;-87.4758;Tela
TEB;40.8501;-74.0608;Teterboro
TEC;-24.3178;-50.6516;Telemaco Borba
TED;57.0688;8.7052;Thisted
TEE;35.4316;8.1207;Tebessa
TEF;-21.7150;122.2290;Telfer
TEI;27.9412;96.1344;Tezu
TEM;-34.4214;147.5120;Temora
TEN;27.8833;109.3089;Tongren
TEQ;41.1382;27.9191;Çorlu
TER;38.7618;-27.0908;Lajes (terceira Island)
TET;-16.1048;33.6402;Tete
TEU;-45.5331;167.6500;Manapouri
TEV;40.4030;-1.2183;Teruel
TEX;37.9538;-107.9080;Telluride
TEZ;26.7091;92.7847;Tezpur
TFF;-3.3829;-64.7241;Tefe
TFL;-17.8923;-41.5136;Teofilo Otoni
TFN;28.4827;-16.3415;Tenerife
TFS;28.0445;-16.5725;Tenerife
TGA;1.3873;103.7090;Tengah
TGD;42.3594;19.2519;Podgorica
TGG;5.3826;103.1030;Kuala Terengganu
TGH;-16.8911;168.5510;Tongoa Island
TGI;-9.1330;-75.9500;Tingo Maria
TGJ;-21.0961;167.8040;Tiga
TGK;47.1983;38.8492;Taganrog
TGM;46.4677;24.4125;Tirgu Mures
TGN;-38.2072;146.4700;Morwell
TGO;43.5567;122.2000;Tongliao
TGP;61.5897;89.9940;Bor
TGQ;-14.6620;-57.4435;Tangara da Serra
TGR;33.0678;6.0887;Touggourt
TGT;-5.0924;39.0712;Tanga
TGU;14.0609;-87.2172;Tegucigalpa
TGZ;16.5636;-93.0225;Tuxtla Gutierrez
THE;-5.0599;-42.8235;Teresina
THF;52.4730;13.4039;Berlin
THG;-24.4939;150.5760;Biloela
THL;20.4838;99.9354;Tachilek
THN;58.3181;12.3450;Trollhattan
THO;66.2185;-15.3356;Thorshofn
THQ;34.5594;105.8600;Tianshui
THR;35.6892;51.3134;Teheran
THS;17.2380;99.8182;Sukhothai
THU;76.5312;-68.7032;Thule
THX;65.7972;87.9353;Turukhansk
THZ;14.8757;5.2654;Tahoua
TIA;41.4147;19.7206;Tirana
TID;35.3411;1.4632;Tiaret
TIE;7.2024;35.4150;Tippi
TIF;21.4830;40.5434;Taif
TIH;-15.1196;-148.2310;Tikehau
TII;32.6042;65.8658;Tarin Kowt
TIJ;32.5411;-116.9700;Tijuana
TIK;35.4147;-97.3866;Oklahoma City
TIM;-4.5283;136.8870;Timika
TIN;27.7004;-8.1671;Tindouf
TIP;32.6635;13.1590;Tripoli
TIQ;14.9992;145.6190;West Tinian
TIR;13.6325;79.5433;Tirupeti
TIU;-44.3028;171.2250;Timaru
TIV;42.4047;18.7233;Tivat
TIW;47.2679;-122.5780;Tacoma
TIX;28.5148;-80.7992;Titusville
TIY;18.5701;-11.4235;Tidjikja
TIZ;-5.8450;142.9480;Tari
TJA;-21.5557;-64.7013;Tarija
TJB;1.0527;103.3931;Tanjung Balai Karimun
TJG;-2.2166;115.4360;Tanjung-Borneo Island
TJH;35.5128;134.7870;Toyooka
TJI;15.9268;-85.9382;Trujillo
TJK;40.3074;36.3674;Tokat
TJL;-20.7542;-51.6842;Tres Lagoas
TJM;57.1896;65.3243;Tyumen
TJQ;-2.7457;107.7550;Tanjung Pandan
TJS;2.8358;117.3736;Tanjung Selor-Borneo Island
TJU;37.9881;69.8050;Kulyab
TJV;10.7224;79.1016;Tanjore
TKA;62.3205;-150.0940;Talkeetna
TKC;4.0892;9.3605;Tiko
TKD;4.8961;-1.7748;Takoradi
TKF;39.3200;-120.1400;Truckee
TKG;-5.2406;105.1756;Bandar Lampung-Sumatra Island
TKH;15.2773;100.2960;Nakhon Sawan
TKJ;63.3295;-142.9540;Tok
TKK;7.4619;151.8430;Chuuk
TKN;27.8364;128.8810;Tokunoshima
TKP;-14.7095;-145.2460;Takapoto
TKQ;-4.8862;29.6709;Kigoma
TKS;34.1328;134.6070;Tokushima
TKT;16.8960;99.2533;Tak
TKU;60.5141;22.2628;Turku
TKV;-17.3553;-138.4450;Tatakoto
TKX;-14.4558;-145.0250;Takaroa
TLA;65.2404;-166.3390;Teller
TLC;19.3371;-99.5660;Toluca
TLD;-22.1892;29.1269;Tuli Lodge
TLE;-23.3834;43.7285;Toliara
TLH;30.3965;-84.3503;Tallahassee
TLI;1.1234;120.7937;Toli-Toli
TLJ;62.8944;-155.9770;Tatalina
TLK;59.8764;111.0444;Talakan
TLL;59.4133;24.8328;Tallinn-ulemiste International
TLM;35.0167;-1.4500;Tlemcen
TLN;43.0973;6.1460;Hyeres
TLQ;43.0308;89.0987;Turpan
TLS;43.6291;1.3638;Toulouse
TLU;9.5094;-75.5854;Tolu
TLV;32.0114;34.8867;Tel-aviv
TLX;-35.3778;-71.6017;Talca
TMA;31.4290;-83.4885;Tifton
TMB;25.6479;-80.4328;Kendall-tamiami
TMC;-9.4097;119.2440;Waikabubak-Sumba Island
TME;6.4511;-71.7603;Tame
TMF;2.2110;73.1533;Thimarafushi
TMG;5.4026;118.6576;Tomanggong
TMH;-6.0992;140.2980;Boven Digoel
TMI;27.3150;87.1933;Tumling Tar
TMJ;37.2867;67.3100;Termez
TML;9.5572;-0.8632;Tamale
TMM;-18.1095;49.3925;Toamasina
TMN;-2.4858;175.9700;Tamana
TMO;7.2494;-61.5289;Tumeremo
TMP;61.4141;23.6044;Tampere
TMR;22.8115;5.4511;Tamanrasset
TMS;0.3782;6.7122;Sao Tome
TMT;-1.4896;-56.3968;Oriximina
TMU;9.7385;-85.0138;Nicoya
TMW;-31.0839;150.8470;Tamworth
TMX;29.2371;0.2760;Timimoun
TNA;36.8572;117.2160;Jinan
TNC;65.5631;-167.9220;Tin City
TND;21.7883;-79.9972;Trinidad
TNE;30.6051;130.9910;Tanegashima
TNF;48.7519;2.1062;Toussous-le-noble
TNG;35.7269;-5.9169;Tanger
TNH;42.2539;125.7033;Tonghua
TNI;24.5623;80.8549;Satna
TNJ;0.9227;104.5320;Tanjung Pinang
TNM;-62.1908;-58.9867;Isla Rey Jorge
TNN;22.9504;120.2060;Tainan
TNR;-18.7969;47.4788;Antananarivo
TNT;25.8618;-80.8970;Miami
TNW;-1.0597;-77.5833;Tena
TNX;13.5319;106.0150;Stung Treng
TOA;33.8034;-118.3400;Torrance
TOB;31.8610;23.9070;Tobruk
TOC;34.5938;-83.2958;Toccoa
TOD;2.8182;104.1600;Tioman
TOE;33.9397;8.1106;Tozeur
TOF;56.3803;85.2083;Tomsk
TOG;59.0528;-160.3970;Togiak Village
TOH;-13.3280;166.6380;Loh/Linua
TOI;31.8604;-86.0121;Troy
TOJ;40.4967;-3.4459;Madrid
TOL;41.5868;-83.8078;Toledo
TOM;16.7305;-3.0076;Tombouctou
TOO;8.8261;-82.9589;San Vito De Jaba
TOP;39.0687;-95.6225;Topeka
TOQ;-22.1411;-70.0629;Tocopilla
TOS;69.6833;18.9189;Tromso
TOT;5.8658;-56.3275;Totness
TOU;-20.7900;165.2590;Touho
TOW;-24.6863;-53.6975;Toledo
TOY;36.6483;137.1880;Toyama
TPA;27.9755;-82.5332;Tampa
TPC;-0.1230;-76.3378;Tarapoa
TPE;25.0777;121.2330;Taipei
TPF;27.9156;-82.4493;Tampa
TPH;38.0602;-117.0870;Tonopah
TPJ;27.3509;87.6953;Taplejung
TPL;31.1525;-97.4078;Temple
TPN;-0.7761;-75.5264;Tiputini
TPP;-6.5087;-76.3732;Tarapoto
TPQ;21.4195;-104.8430;Tepic
TPS;37.9114;12.4880;Trapani
TQD;33.3381;43.5971;Al Taqaddum
TQL;64.9308;77.8181;Tarko-Sale
TQQ;-5.7646;123.9170;Sulawesi Tenggara
TQS;0.7459;-75.2340;Tres Esquinas
TRA;24.6539;124.6750;Tarama
TRC;25.5683;-103.4110;Torreon
TRD;63.4578;10.9240;Trondheim
TRE;56.4992;-6.8692;Tiree
TRF;59.1867;10.2586;Sandefjord
TRG;-37.6719;176.1960;Tauranga
TRI;36.4752;-82.4074;BRISTOL
TRK;3.3267;117.5694;Taraken
TRM;33.6267;-116.1600;Palm Springs
TRN;45.2008;7.6496;Torino
TRO;-31.8886;152.5140;Taree
TRQ;-8.1553;-70.7833;Tarauaca
TRR;8.5385;81.1819;Trinciomalee
TRS;45.8275;13.4722;Ronchi De Legionari
TRU;-8.0814;-79.1088;Trujillo
TRV;8.4821;76.9201;Trivandrum
TRW;1.3816;173.1470;Tarawa
TRZ;10.7654;78.7097;Tiruchirappalli
TSA;25.0694;121.5520;Taipei
TSB;-19.2619;17.7325;Tsumeb
TSE;51.0222;71.4669;Tselinograd
TSF;45.6484;12.1944;Treviso
TSH;-6.4383;20.7947;Tshikapa
TSJ;34.2849;129.3310;Tsushima
TSL;22.0383;-98.8065;Tamuin
TSM;36.4582;-105.6720;Taos
TSN;39.1244;117.3460;Tianjin
TSR;45.8099;21.3379;Timisoara
TST;7.5087;99.6166;Trang
TSU;-1.4744;175.0640;Tabiteuea
TSV;-19.2525;146.7650;Townsville
TSX;-0.0930;117.4530;Tanjung Santan
TSY;-7.3466;108.2460;Tasikmalaya
TTA;28.4482;-11.1613;Tan Tan
TTB;39.9188;9.6830;Tortoli
TTC;-25.5643;-70.3759;Taltal
TTD;45.5494;-122.4010;Troutdale
TTE;0.8314;127.3810;Ternate
TTG;-22.6196;-63.7937;Tartagal
TTH;17.6660;54.0246;Thumrait
TTI;-17.0133;-149.5870;Tetiaroa
TTJ;35.5301;134.1670;Tottori
TTL;-16.9660;177.3680;Turtle Island
TTN;40.2767;-74.8135;Trenton
TTQ;10.4200;-83.6095;Roxana
TTR;-3.0447;119.8220;Makale
TTT;22.7550;121.1020;Fengnin
TTU;35.5943;-5.3200;Tetouan
TUA;0.8095;-77.7081;Tulcan
TUB;-23.3654;-149.5240;Tubuai
TUC;-26.8409;-65.1049;Tucuman
TUD;13.7368;-13.6531;Tambacounda
TUF;47.4322;0.7276;Tours
TUG;17.6434;121.7332;Tuguegarao
TUI;31.6922;38.7315;Turaif
TUK;25.9864;63.0302;Turbat
TUL;36.1984;-95.8881;Tulsa
TUM;-35.2628;148.2410;Tumut Airport
TUN;36.8510;10.2272;Tunis
TUO;-38.7397;176.0840;Taupo
TUP;34.2681;-88.7699;Tupelo
TUR;-3.7860;-49.7203;Tucurui
TUS;32.1161;-110.9410;Tucson
TUU;28.3654;36.6189;Tabuk
TUV;9.0890;-62.0942;Tucupita
TVA;-17.8501;44.9205;Morafenobe
TVC;44.7414;-85.5822;Traverse City
TVF;48.0657;-96.1850;Thief River Falls
TVI;30.9016;-83.8813;Thomasville
TVL;38.8939;-119.9950;South Lake Tahoe
TVU;-16.6906;-179.8770;Matei
TVY;14.1039;98.2036;Dawei
TWB;-27.5428;151.9160;Toowoomba
TWF;42.4818;-114.4880;Twin Falls
TWT;5.0470;119.7430;Sanga Sanga
TWU;4.3202;118.1280;Tawau
TWZ;-44.2350;170.1180;Pukaki
TXF;-17.5245;-39.6685;Teixeira de Freitas
TXG;24.1863;120.6540;Taichung
TXK;33.4537;-93.9910;Texarkana
TXL;52.5597;13.2877;Berlin
TXN;29.7333;118.2560;Huangshan
TYB;-29.4511;142.0580;Tibooburra Airport
TYF;60.1576;12.9913;Torsby
TYL;-4.5766;-81.2541;Talara
TYM;24.1691;-76.4391;Staniel Cay
TYN;37.7469;112.6280;Taiyuan
TYR;32.3541;-95.4024;Tyler
TYS;35.8110;-83.9940;Knoxville
TZL;44.4587;18.7248;Null
TZR;46.3931;17.9175;Columbus
TZX;40.9951;39.7897;Trabzon
UAB;37.0021;35.4259;Adana
UAH;-8.9361;-139.5520;Ua Huka
UAI;-9.3033;125.2870;Suai
UAK;61.1605;-45.4260;Narssarssuaq
UAM;13.5840;144.9300;Andersen
UAP;-9.3517;-140.0780;Ua Pou
UAQ;-31.5715;-68.4182;San Juan
UAR;32.5143;-1.9831;Bouarfa
UAS;0.5306;37.5342;Samburu South
UBA;-19.7647;-47.9661;Uberaba
UBB;-9.9500;142.1830;Mabuiag Island
UBJ;33.9300;131.2790;Yamaguchi
UBP;15.2513;104.8700;Ubon Ratchathani
UBT;-23.4411;-45.0756;Ubatuba
UCB;41.1297;113.1081;Wulanchabu
UCK;50.6784;25.4872;Lutsk
UCT;63.5669;53.8047;Ukhta
UDD;33.7484;-116.2750;Palm Springs
UDI;-18.8836;-48.2253;Uberlandia
UDJ;48.6343;22.2634;Uzhgorod
UDR;24.6177;73.8961;Udaipur
UEL;-17.8555;36.8691;Quelimane
UEO;26.3635;126.7140;Kumejima
UET;30.2514;66.9378;Quetta
UFA;54.5575;55.8744;Ufa
UGA;48.8550;103.4760;Bulgan
UGC;41.5843;60.6417;Urgench
UGN;42.4222;-87.8679;Chicago
UGO;-7.6031;15.0278;Uige
UGU;-3.7396;137.0320;Sugapa-Papua Island
UHE;49.0294;17.4397;Kunovice
UIB;5.6908;-76.6412;Quibdo
UIH;13.9550;109.0420;Phucat
UII;16.1131;-86.8803;Utila
UIK;58.1361;102.5650;Ust Ilimsk
UIN;39.9427;-91.1946;Quincy
UIO;-0.1292;-78.3575;Quito
UIP;47.9750;-4.1678;Quimper
UJE;8.9281;165.7620;Ujae Atoll
UKA;-4.2933;39.5711;Ukunda
UKB;34.6328;135.2240;Kobe
UKG;70.0110;135.6450;Ust-Kuyga
UKI;39.1260;-123.2010;Ukiah
UKK;50.0366;82.4942;Ust Kamenogorsk
UKS;44.6890;33.5710;Sevastopol
UKT;40.4352;-75.3819;Quakertown
UKX;56.8567;105.7300;Ust-Kut
ULA;-49.3068;-67.8026;San Julian
ULB;-16.3297;168.3011;Ambryn Island
ULD;-28.3206;31.4165;Ulundi
ULG;48.9933;89.9225;Olgii
ULH;26.4800;38.1289;Al-Ula
ULK;60.7206;114.8260;Lensk
ULN;47.8431;106.7670;Ulan Bator
ULO;50.0666;91.9383;Ulaangom
ULP;-26.6122;144.2530;Quilpie
ULQ;4.0884;-76.2351;Tulua
ULU;2.8056;32.2718;Gulu
ULV;54.2683;48.2267;Ulyanovsk
ULY;54.4010;48.8027;Ulyanovsk
ULZ;47.7093;96.5258;Uliastai
UMD;70.6804;-52.1116;Uummannaq
UME;63.7918;20.2828;Umea
UMR;-31.1442;136.8170;Woomera
UMS;60.3570;134.4350;Ust-Maya
UMU;-23.7987;-53.3138;Umuarama
UNA;-15.3552;-38.9990;Una
UND;36.6651;68.9108;Kunduz
UNG;-6.1257;141.2820;Kiunga
UNI;12.6001;-61.4119;Union Island
UNK;63.8884;-160.7990;Unalakleet
UNN;9.7776;98.5855;Ranong
UNT;60.7472;-0.8539;Unst
UOL;1.1027;121.4141;Buol
UOS;35.2051;-85.8981;Sewanee
UOX;34.3843;-89.5368;Oxford
UPB;23.0328;-82.5794;Baracoa Playa
UPG;-5.0616;119.5540;Ujung Pandang
UPL;10.8922;-85.0162;Upala
UPN;19.3967;-102.0390;Uruapan
UPP;20.2653;-155.8600;Opolu
URA;51.1508;51.5431;Uralsk
URC;43.9071;87.4742;Urumqi
URD;49.7942;11.1336;Burg Feuerstein
URE;58.2299;22.5095;Kuressaare
URG;-29.7822;-57.0382;Uruguaiana
URJ;60.1033;64.8267;Uraj
URO;49.3842;1.1748;Rouen
URS;51.7506;36.2956;Kursk
URT;9.1326;99.1356;Surat Thani
URY;31.4124;37.2789;Guriat
USA;35.3878;-80.7091;Concord
USH;-54.8433;-68.2958;Ushuaia
USI;8.2000;-59.7833;Mabaruma
USK;66.0047;57.3672;Usinsk
USM;9.5478;100.0620;Ko Samui
USN;35.5935;129.3520;Ulsan
USQ;38.6815;29.4717;Usak
USR;64.5500;143.1150;Ust-Nera
USS;21.9704;-79.4427;Sancti Spiritus
UST;29.9592;-81.3398;St. Augustine Airport
USU;12.1215;120.1000;Busuanga
UTA;-18.9975;32.6272;Mutare
UTC;52.1273;5.2762;Soesterberg
UTH;17.3864;102.7880;Udon Thani
UTI;60.8964;26.9384;Utti
UTK;11.2220;169.8520;Utirik Island
UTM;34.6810;-90.3467;Tunica
UTN;-28.3991;21.2602;Upington
UTO;65.9928;-153.7040;Indian Mountains
UTP;12.6799;101.0050;Pattaya
UTS;65.4373;52.2003;Ust-Tsylma
UTT;-31.5464;28.6734;Umtata
UTW;-31.9202;26.8822;Queenstown
UUA;54.6400;52.8017;Bugulma
UUD;51.8078;107.4380;Ulan-ude
UUK;70.3308;-149.5980;Kuparuk
UUN;46.6603;113.2850;Baruun Urt Airport
UUS;46.8887;142.7180;Yuzhno-sakhalinsk
UVA;29.2113;-99.7436;Uvalde
UVE;-20.6406;166.5730;Ouvea
UVF;13.7332;-60.9526;Hewandorra
UYL;12.0535;24.9562;Nyala
UYN;38.3597;109.5909;Yulin
UYU;-20.4463;-66.8484;Uyuni
UZR;47.0911;81.6652;Urzhar
UZU;-29.7706;-57.9789;Curuzu Cuatia
VAA;63.0507;21.7622;Vaasa
VAD;30.9678;-83.1930;Valdosta
VAF;44.9216;4.9699;Valence
VAG;-21.5901;-45.4733;Varginha
VAI;-2.6926;141.3028;Vanimo
VAK;61.5409;-165.6005;Chevak
VAL;-13.2965;-38.9924;Valenca
VAM;3.4706;72.8358;Maamigili
VAN;38.4682;43.3323;Van
VAO;-7.5856;158.7310;Suavanao
VAR;43.2321;27.8251;Varna
VAS;39.8138;36.9035;Sivas
VAV;-18.5853;-173.9620;Vava'u
VAW;70.3554;31.0449;Vardø
VBA;19.7692;94.0261;Ann
VBG;34.7373;-120.5840;Lompoc
VBP;11.1494;98.7359;Bokepyin
VBS;45.4289;10.3306;Brescia
VBV;-17.2690;-178.9760;Vanua Balavu
VBY;57.6628;18.3462;Visby
VCA;10.0851;105.7120;Can Tho
VCD;-16.4021;131.0050;Victoria River Downs
VCE;45.5053;12.3519;Venice
VCL;15.4033;108.7060;Chu Lai
VCP;-23.0074;-47.1345;Campinas
VCR;10.1756;-70.0652;Carora
VCS;8.7318;106.6330;Conson
VCT;28.8526;-96.9185;Victoria
VCV;34.5975;-117.3830;Victorville
VDA;29.9403;34.9358;Ovda
VDB;61.0156;9.2881;Fagernes
VDC;-14.8628;-40.8631;Vitória Da Conquista
VDE;27.8148;-17.8871;Hierro
VDH;17.5150;106.5906;Dong Hoi
VDI;32.1927;-82.3712;Vidalia
VDM;-40.8692;-63.0004;Viedma
VDP;9.2220;-65.9936;Valle De La Pascua
VDR;-31.9452;-65.1463;Villa Dolores
VDS;70.0653;29.8447;Vadsø
VDY;15.1750;76.6349;Toranagallu
VDZ;61.1339;-146.2480;Valdez
VEE;67.0087;-146.3660;Venetie
VEL;40.4409;-109.5100;Vernal
VER;19.1459;-96.1873;Vera Cruz
VEY;63.4243;-20.2789;Vestmannaeyjar
VFA;-18.0959;25.8390;Victoria Falls
VGA;16.5304;80.7968;Vijayawada
VGD;59.2825;39.9444;Vologda
VGO;42.2318;-8.6268;Vigo
VGT;36.2107;-115.1940;Las Vegas
VGZ;0.9788;-76.6056;Villa Garzon
VHC;-9.6891;20.4319;Saurimo
VHM;64.5791;16.8336;Vilhelmina
VHV;63.4581;120.2692;Verkhnevilyuysk
VHY;46.1697;3.4037;Vichy
VHZ;-18.7800;-138.8530;Vahitahi
VIC;45.5734;11.5295;Vicenza
VIE;48.1103;16.5697;Vienna
VIG;8.6241;-71.6727;El Vigía
VII;18.7376;105.6710;Vinh
VIJ;18.4464;-64.4275;Spanish Town
VIL;23.7183;-15.9320;Dakhla
VIN;49.2425;28.6138;Vinnitsa
VIR;-29.7706;31.0584;Durban
VIS;36.3187;-119.3930;Visalia
VIT;42.8828;-2.7245;Vitoria
VIX;-20.2581;-40.2864;Vitoria
VIY;48.7742;2.1917;Villacoublay
VKG;9.9580;105.1324;Rach Gia
VKO;55.5915;37.2615;Moscow
VKT;67.4886;63.9931;Vorkuta
VLC;39.4893;-0.4816;Valencia
VLD;30.7825;-83.2767;Valdosta
VLG;-37.2354;-57.0292;Villa Gesell
VLI;-17.6993;168.3200;Port-vila
VLK;47.6821;42.0728;Volgodonsk Airport
VLL;41.7061;-4.8519;Valladolid
VLM;-21.2552;-63.4056;Villa Montes
VLN;10.1497;-67.9284;Valencia
VLP;-9.9794;-51.1422;Vila Rica
VLR;-28.5964;-70.7560;Vallenar
VLS;-16.7961;168.1770;Valesdir
VLU;56.3811;30.6081;Velikiye Luki
VLV;9.3405;-70.5841;Valera
VLY;53.2481;-4.5353;Angelsey
VME;-33.7299;-65.3874;Villa Reynolds
VMU;-7.4969;144.8199;Baimuru
VNA;15.7094;106.4107;Saravane
VNC;27.0716;-82.4403;Venice
VNE;47.7233;-2.7186;Vannes
VNO;54.6341;25.2858;Vilnius
VNS;25.4524;82.8593;Varanasi
VNT;57.3578;21.5442;Ventspils
VNX;-22.0184;35.3133;Vilankulu
VNY;34.2098;-118.4900;Van Nuys
VOD;50.2166;14.3958;Vodochody
VOG;48.7825;44.3455;Volgograd
VOH;-13.3758;50.0028;Vohemar
VOK;43.9390;-90.2534;Camp Douglas
VOL;39.2196;22.7943;Nea Anghialos
VOZ;51.8142;39.2296;Voronezh
VPE;-17.0435;15.6838;Ondjiva
VPN;65.7206;-14.8506;Vopnafjörður
VPS;30.4832;-86.5254;Valparaiso
VPY;-19.1513;33.4290;Chimoio
VPZ;41.4540;-87.0071;Valparaiso IN
VQQ;30.2187;-81.8767;Jacksonville
VQS;18.1158;-65.4227;Vieques Island
VRA;23.0344;-81.4353;Varadero
VRB;27.6556;-80.4179;Vero Beach
VRC;13.5764;124.2060;Virac
VRE;-31.6410;18.5448;Vredendal
VRK;62.1711;27.8686;Varkaus
VRL;41.2743;-7.7205;Vila Real
VRN;45.3957;10.8885;Villafranca
VRO;23.1240;-81.3016;Kawama
VRU;-26.9824;24.7288;Vryburg
VRY;67.6546;12.7273;Værøy
VSA;17.9970;-92.8174;Villahermosa
VSE;40.7255;-7.8890;Viseu
VSG;48.4174;39.3741;Lugansk
VST;59.5894;16.6336;Vasteras
VTB;55.1265;30.3496;Vitebsk
VTE;17.9883;102.5630;Vientiane
VTM;31.2083;35.0123;Nevatim
VTN;42.8578;-100.5480;Valentine
VTU;20.9876;-76.9358;Las Tunas
VTZ;17.7212;83.2245;Vishakhapatnam
VUP;10.4350;-73.2495;Valledupar
VUS;60.7883;46.2600;Veliky Ustyug
VVC;4.1679;-73.6138;Villavicencio
VVI;-17.6448;-63.1354;Santa Cruz
VVO;43.3990;132.1480;Vladivostok
VVZ;26.7235;8.6227;Illizi
VXC;-13.2740;35.2663;Lichinga
VXE;16.8332;-25.0553;Sao Vicente Island
VXO;56.9291;14.7280;Vaxjo
VYI;63.7567;121.6933;Vilyuisk
VYS;41.3519;-89.1531;Peru
WAA;65.6226;-168.0950;Wales
WAE;20.5043;45.1996;Wadi-al-dawasir
WAF;32.3047;69.5704;Wana
WAG;-39.9622;175.0250;Wanganui
WAI;-14.8988;47.9939;Antsohihy
WAL;37.9402;-75.4664;Wallops Island
WAM;-17.7954;48.4426;Ambatondrazaka
WAQ;-18.7013;44.6149;Antsalova
WAR;-3.2350;140.9940;Waris-Papua Island
WAT;52.1872;-7.0870;Waterford
WAW;52.1657;20.9671;Warsaw
WBG;54.4593;9.5163;Schleswig
WBM;-5.6433;143.8950;Wapenamanda
WBQ;66.3622;-147.4070;Beaver
WBU;40.0394;-105.2260;Boulder
WBW;41.2972;-75.8512;Wilkes-Barre
WCH;-42.9328;-72.6991;Chaiten
WDH;-22.4799;17.4709;Windhoek
WDR;33.9829;-83.6674;Winder
WDS;32.5917;110.9078;Shiyan
WEF;36.6467;119.1190;Weifang
WEH;37.1871;122.2290;Weihai
WEI;-12.6786;141.9250;Weipa
WFI;-21.4416;47.1117;Fianarantsoa
WFK;47.2855;-68.3128;Frenchville
WGA;-35.1653;147.4660;Wagga Wagga
WGE;-30.0328;148.1260;Walgett
WGN;26.8020;110.6420;Shaoyang
WGP;-9.6692;120.3020;Waingapu
WGT;-36.4158;146.3070;Wangaratta Airport
WHF;21.8027;31.5216;Wadi Halfa
WHK;-37.9206;176.9140;Whakatane
WHP;34.2593;-118.4130;Los Angeles
WHU;31.3906;118.4090;Wuhu
WIC;58.4589;-3.0931;Wick
WIE;50.0498;8.3254;Wiesbaden
WIK;-36.8089;175.0860;Waiheke Island
WIL;-1.3217;36.8148;Nairobi
WIN;-22.3636;143.0860;Winton
WIO;-31.5264;143.3750;Wilcannia
WIR;-39.0069;177.4070;Wairoa
WJF;34.7411;-118.2190;Lancaster
WJR;1.7332;40.0916;Wajir
WJU;37.4412;127.9639;Wonju
WKA;-44.7222;169.2460;Wanaka
WKB;-36.3211;142.4190;Warracknabeal Airport
WKF;-25.8300;28.2225;Waterkloof
WKI;-18.3630;26.5198;Hwange
WKJ;45.4042;141.8010;Wakkanai
WKK;59.2826;-158.6180;Aleknagik
WKL;19.9205;-155.8607;Waikoloa Village
WKR;27.2667;-78.3997;Walker's Cay
WLD;37.1686;-97.0376;Winfield
WLG;-41.3272;174.8050;Wellington
WLH;-15.4120;167.6910;Walaha
WLK;66.6001;-159.9860;Selawik
WLS;-13.2383;-176.1990;Wallis
WMA;-15.8330;48.8333;Mandritsara
WMB;-38.2953;142.4470;Warrnambool
WMC;40.8966;-117.8060;Winnemucca
WME;-27.2864;120.5550;Mount Keith
WMH;36.3689;-92.4705;Mountain Home
WMI;52.4511;20.6518;Warsaw
WMN;-15.4367;49.6883;Maroantsetra
WMO;64.6892;-163.4130;White Mountain
WMP;-16.0723;47.6442;Mampikony
WMR;-16.1639;49.7738;Mananara
WMT;27.8164;106.3327;Zunyi
WMX;-4.1025;138.9570;Wamena
WNA;60.6903;-161.9790;Napakiak
WNN;52.8939;-89.2892;Wunnumin Lake
WNP;13.5849;123.2700;Naga
WNR;-25.4131;142.6670;Windorah
WNS;26.2194;68.3901;Nawabshah
WNZ;27.9122;120.8520;Wenzhou
WOE;51.4491;4.3420;Woensdrecht
WOL;-34.5611;150.7890;Wollongong
WOS;39.1668;127.4860;Wonsan
WOT;23.3674;119.5028;Wang An
WPB;-15.5843;47.6236;Port Bergé
WPC;49.5206;-113.9970;Pincher Creek
WPR;-53.2537;-70.3192;Porvenir
WPU;-54.9311;-67.6263;Puerto Williams
WRB;32.6401;-83.5919;Macon
WRE;-35.7683;174.3650;Whangarei
WRG;56.4843;-132.3700;Wrangell
WRI;40.0156;-74.5917;Wrightstown
WRL;43.9657;-107.9510;Worland
WRO;51.1027;16.8858;Wroclaw
WRT;53.7451;-2.8831;Warton
WRY;59.3503;-2.9500;Westray
WRZ;6.2545;81.2352;Wirawila
WSD;32.3415;-106.4030;White Sands
WSN;58.7034;-157.0080;South Naknek
WSO;5.2153;-57.1853;Washabo
WSP;14.7392;-83.9694;Waspam
WSR;-2.7210;134.5061;Wasior
WST;41.3496;-71.8034;Washington County
WSY;-20.2761;148.7550;Airlie Beach
WSZ;-41.7381;171.5810;Westport
WTA;-17.4761;43.9728;Tambohorano
WTB;-27.5583;151.7933;Toowoomba
WTK;67.5661;-162.9750;Noatak
WTN;53.1662;-0.5238;Waddington
WTS;-18.7597;46.0541;Tsiroanomandidy
WTZ;-36.8317;175.6790;Whitianga
WUA;39.7934;106.7993;Wuhai
WUH;30.7838;114.2080;Wuhan
WUN;-26.6292;120.2210;Wiluna
WUS;27.7019;118.0010;Wuyishan
WUT;38.5975;112.9692;Xinzhou
WUU;7.7258;27.9750;Wau
WUX;31.4944;120.4290;Wuxi
WUZ;23.4567;111.2480;Wuzhou
WVB;-22.9799;14.6453;Walvis Bay
WVI;36.9357;-121.7900;Watsonville
WVK;-22.1197;48.0217;Manakara
WVN;53.5022;8.0522;Wilhelmshaven
WWA;61.5717;-149.5400;Wasilla
WWD;39.0085;-74.9083;Wildwood
WWK;-3.5838;143.6690;Wewak
WWR;36.4380;-99.5227;Woodward
WWY;-33.9372;147.1910;West Wyalong
WXN;30.8017;108.4330;Wanxian
WYA;-33.0589;137.5140;Whyalla
WYE;8.6105;-11.0454;Yengema
WYN;-15.5114;128.1530;Wyndham
WYS;44.6884;-111.1180;West Yellowstone
XAB;50.1435;1.8319;Abbeville
XAP;-27.1342;-52.6566;Chapeco
XAU;3.6136;-53.2042;Saul
XBE;53.9656;-91.0272;Bearskin Lake
XBJ;32.8981;59.2661;Birjand
XCH;-10.4506;105.6900;Christmas Island
XCR;48.7733;4.2061;Chalons
XCZ;49.7839;4.6471;Charleville
XEN;40.5803;120.6980;Xingcheng Air Base
XFN;32.1506;112.2910;Xiangfan
XFW;53.5353;9.8356;Hamburg
XGN;-16.7554;14.9653;Xangongo
XGR;58.7114;-65.9928;Kangiqsualujjuaq
XIC;27.9891;102.1840;Xichang
XIJ;28.9348;47.7919;Ahmed Al Jaber AB
XIL;43.9156;115.9640;Xilinhot
XIQ;69.0809;-51.1143;Ilimanaq
XIY;34.4471;108.7520;Xi'an
XJD;25.1173;51.3150;Doha
XJM;33.0501;73.6384;Mangla
XKH;19.4500;103.1580;Phon Savan
XKS;53.5247;-88.6428;Kasabonika
XLB;58.6175;-101.4690;Lac Brochet
XLS;16.0508;-16.4632;St. Louis
XMC;-37.5983;149.7200;Mallacoota
XME;50.3105;4.0331;Maubeuge
XMH;-14.4368;-146.0700;Manihi
XMN;24.5440;118.1280;Xiamen
XMS;-2.2992;-78.1208;Macas
XMW;44.0257;1.3780;Montauban
XMY;-9.9011;142.7760;Yam Island
XNA;36.2819;-94.3068;Bentonville
XNN;36.5275;102.0430;Xining
XOG;44.1405;4.8667;Orange
XPK;55.7492;-101.2660;Pukatawagan
XPL;14.3824;-87.6212;Comayagua
XPP;52.9965;-97.2742;Poplar River
XQC;33.9402;44.3616;Al Bakr
XQP;9.4432;-84.1298;Quepos
XRH;-33.6006;150.7810;Richmond
XRR;61.9706;-132.4230;Ross River
XRY;36.7446;-6.0601;Jerez
XSB;24.2836;52.5803;Sir Bani Yas Island
XSC;21.5157;-71.5285;South Caicos
XSD;37.7988;-116.7810;Tonopah
XSI;56.7928;-98.9072;South Indian Lake
XSP;1.4169;103.8680;Singapore
XTG;-27.9864;143.8110;Thargomindah
XTL;58.7061;-98.5122;Tadoule Lake
XTO;-25.8017;149.9000;Taroom
XUZ;34.0591;117.5553;Xuzhou
XVS;50.3258;3.4613;Valenciennes
XXN;24.7098;46.7252;Riyadh
XYA;-9.0928;159.2184;Yandina
XYE;15.3000;97.8670;Ye
YAA;52.4525;-125.3030;Anahim Lake
YAB;73.0059;-85.0325;Arctic Bay
YAC;51.7272;-91.8244;Cat Lake
YAG;48.6542;-93.4397;Fort Frances
YAH;53.7547;-73.6753;La Grande-4
YAI;-36.5825;-72.0314;Chillan
YAK;59.5033;-139.6600;Yakutat
YAL;50.5822;-126.9160;Alert Bay
YAM;46.4850;-84.5094;Sault Sainte Marie
YAO;3.8360;11.5235;Yaounde
YAP;9.4989;138.0830;Yap
YAS;-16.7589;177.5450;Yasawa Island
YAT;52.9275;-82.4319;Attawapiskat
YAX;53.8492;-89.5794;Angling Lake
YAY;51.3919;-56.0831;St. Anthony
YAZ;49.0798;-125.7756;Tofino
YBA;51.2073;-115.5419;Banff
YBB;68.5344;-89.8081;Pelly Bay
YBC;49.1325;-68.2044;Baie Comeau
YBE;59.5614;-108.4810;Uranium City
YBG;48.3306;-70.9964;Bagotville
YBI;53.4694;-55.7850;Black Tickle
YBK;64.2989;-96.0778;Baker Lake
YBL;49.9508;-125.2710;Campbell River
YBO;56.9667;-130.2500;Bob Quinn Lake
YBP;28.8006;104.5450;Yibin
YBR;49.9100;-99.9519;Brandon
YBS;52.6067;-90.3769;Musselwhite Mine
YBT;57.8894;-101.6790;Brochet
YBV;52.3589;-97.0183;Berens River
YBW;48.7500;-123.2330;Bedwell Harbour
YBX;51.4436;-57.1853;Lourdes-De-Blanc-Sablon
YBY;54.3042;-110.7440;Bonnyville
YCB;69.1081;-105.1380;Cambridge Bay
YCC;45.0928;-74.5633;Cornwall
YCD;49.0550;-123.8699;Nanaimo
YCE;43.2856;-81.5083;Centralia
YCG;49.2964;-117.6320;Castlegar
YCH;47.0078;-65.4492;Chatham
YCK;67.0392;-126.0800;Colville Lake
YCL;47.9908;-66.3303;Charlo
YCM;43.1917;-79.1717;Saint Catherines
YCN;49.1056;-81.0136;Cochrane
YCO;67.8167;-115.1440;Coppermine
YCQ;55.6872;-121.6270;Chetwynd
YCR;54.6106;-97.7608;Cross Lake
YCS;63.3469;-90.7311;Chesterfield Inlet
YCT;52.0750;-111.4450;Coronation
YCU;35.1164;111.0314;Yuncheng
YCW;49.1528;-121.9390;Chilliwack
YCY;70.4861;-68.5167;Clyde River
YDA;64.0431;-139.1280;Dawson
YDB;61.3711;-139.0410;Burwash
YDF;49.2108;-57.3914;Deer Lake
YDG;44.5458;-65.7854;Digby
YDL;58.4222;-130.0320;Dease Lake
YDN;51.1008;-100.0520;Dauphin
YDO;48.7785;-72.3750;Dolbeau-St-Félicien
YDP;56.5492;-61.6803;Nain
YDQ;55.7423;-120.1830;Dawson Creek
YDT;49.0742;-123.0120;Boundary Bay
YEC;36.6304;128.3497;Yechon
YEG;53.3097;-113.5800;Edmonton
YEI;40.2552;29.5626;Yenisehir
YEK;61.0942;-94.0708;Eskimo Point
YEL;46.3514;-82.5614;ELLIOT LAKE
YEM;45.8428;-81.8581;Manitowaning
YEN;49.2103;-102.9660;Estevan
YEO;51.0094;-2.6388;Yeovilton
YER;56.0189;-87.6761;Fort Severn
YES;30.7005;51.5451;Yasuj
YET;53.5789;-116.4650;Edson
YEU;79.9947;-85.8142;Eureka
YEV;68.3042;-133.4830;Inuvik
YEY;48.5639;-78.2497;Amos
YFA;52.2014;-81.6969;Fort Albany
YFB;63.7564;-68.5558;Iqaluit
YFC;45.8689;-66.5372;Fredericton
YFE;48.7461;-69.0972;Forestville
YFH;51.5619;-87.9078;Fort Hope
YFJ;64.1908;-114.0770;Wekweeti
YFO;54.6781;-101.6820;Flin Flon
YFR;61.1808;-113.6900;Fort Resolution
YFS;61.7602;-121.2370;Fort Simpson
YFX;52.3728;-55.6739;St. Lewis
YGB;49.6942;-124.5180;Texada
YGG;48.8545;-123.4969;Ganges
YGH;66.2408;-128.6510;Fort Good Hope
YGJ;35.4922;133.2360;Miho
YGK;44.2253;-76.5969;Kingston
YGL;53.6253;-77.7042;La Grande Riviere
YGM;50.6281;-97.0433;Gimli
YGO;54.5589;-94.4914;Gods Lake Narrows
YGP;48.7753;-64.4786;Gaspe
YGQ;49.7783;-86.9394;Geraldton
YGR;47.4247;-61.7781;Iles De La Madeleine
YGT;69.3647;-81.8161;Igloolik
YGV;50.2819;-63.6114;Havre-Saint-Pierre
YGW;55.2819;-77.7653;Kuujjuarapik
YGX;56.3575;-94.7106;Gillam
YGZ;76.4261;-82.9092;Grise Fiord
YHA;52.5281;-56.2861;Port Hope Simpson
YHB;52.8167;-102.3110;Hudson Bay
YHD;49.8317;-92.7442;Dryden
YHE;49.3683;-121.4980;Hope
YHF;49.7142;-83.6861;Hearst
YHI;70.7628;-117.8060;Holman Island
YHK;68.6356;-95.8497;Gjoa Haven
YHM;43.1736;-79.9350;Hamilton
YHN;49.1931;-84.7589;Hornepayne
YHO;55.4483;-60.2286;Hopedale
YHP;52.1133;-94.2556;Poplar Hill
YHR;50.4689;-59.6367;Chevery
YHT;60.7892;-137.5460;Haines Junction
YHU;45.5175;-73.4169;Montreal
YHY;60.8397;-115.7830;Hay River
YHZ;44.8808;-63.5086;Halifax
YIB;48.7739;-91.6386;Atikokan
YIC;27.8025;114.3062;Yichun
YIE;47.3106;119.9117;Arxan
YIF;51.2117;-58.6583;St-Augustin
YIH;30.5566;111.4800;Yichang
YIK;62.4173;-77.9253;Ivujivik
YIN;43.9558;81.3303;Yining
YIO;72.6833;-77.9667;Pond Inlet
YIP;42.2379;-83.5304;Detroit
YIV;53.8572;-94.6536;Island Lake
YIW;29.3447;120.0320;Yiwu
YJF;60.2358;-123.4690;Fort Liard
YJN;45.2944;-73.2811;St. Jean
YJP;53.3192;-117.7530;Hinton
YJT;48.5442;-58.5500;Stephenville
YKA;50.7022;-120.4440;Kamloops
YKF;43.4608;-80.3786;Waterloo
YKG;60.0272;-69.9992;Kangirsuk
YKH;40.5425;122.3586;Yingkou
YKJ;57.2561;-105.6180;Key Lake
YKL;54.8053;-66.8053;Schefferville
YKM;46.5682;-120.5440;Yakima
YKN;42.9167;-97.3859;Yankton
YKO;37.5497;44.2381;Hakkari
YKQ;51.4733;-78.7583;Waskaganish
YKS;62.0933;129.7710;Yakutsk
YKU;53.8056;-78.9169;Chisasibi
YKX;48.2103;-79.9814;Kirkland Lake
YKY;51.5175;-109.1810;Kindersley
YKZ;43.8622;-79.3700;Toronto
YLC;62.8500;-69.8833;Kimmirut
YLD;47.8200;-83.3467;Chapleau
YLE;63.1317;-117.2460;Whatì
YLH;52.1956;-87.9342;Lansdowne House
YLI;64.0547;24.7253;Ylivieska-raudaskyla
YLJ;54.1253;-108.5230;Meadow Lake
YLK;44.4853;-79.5556;Barrie-Orillia
YLL;53.3092;-110.0730;Lloydminster
YLR;56.5133;-99.9853;Leaf Rapids
YLT;82.5178;-62.2806;Alert
YLW;49.9561;-119.3780;Kelowna
YLY;49.1008;-122.6310;Langley Township
YMA;63.6164;-135.8680;Mayo
YME;48.8569;-67.4533;Matane
YMG;49.0839;-85.8606;Manitouwadge
YMH;52.3028;-55.8472;Mary's Harbour
YMJ;50.3303;-105.5590;Moose Jaw
YML;47.5975;-70.2239;Charlevoix
YMM;56.6533;-111.2220;Fort Mcmurray
YMN;55.0769;-59.1864;Makkovik
YMO;51.2911;-80.6078;Moosonee
YMS;-5.8938;-76.1182;Yurimaguas
YMT;49.7719;-74.5281;Chibougamau
YMW;46.2728;-75.9906;Maniwaki
YMX;45.6795;-74.0387;Montreal
YNA;50.1900;-61.7892;Natashquan
YNB;24.1442;38.0634;Yenbo
YNC;53.0106;-78.8311;Wemindji
YND;45.5217;-75.5636;Gatineau
YNE;53.9583;-97.8442;Norway House
YNG;41.2607;-80.6791;Youngstown
YNJ;42.8828;129.4510;Yanji
YNL;58.2767;-104.0820;Points North Landing
YNM;49.7617;-77.8028;Matagami
YNO;52.4900;-92.9711;North Spirit Lake
YNP;55.9139;-61.1844;Natuashish
YNS;51.6911;-76.1356;Nemiscau
YNT;37.4017;121.3720;Yantai
YNY;38.0613;128.6690;Sokcho / Gangneung
YNZ;33.4258;120.2031;Yancheng
YOA;64.6989;-110.6150;Ekati
YOC;67.5706;-139.8390;Old Crow
YOD;54.4050;-110.2790;Cold Lake
YOG;51.6586;-85.9017;Ogoki Post
YOH;54.9333;-95.2789;Oxford House
YOJ;58.6214;-117.1650;High Level
YOL;9.2576;12.4304;Yola
YOO;43.9228;-78.8950;Oshawa
YOP;58.4914;-119.4080;Rainbow Lake
YOS;44.5903;-80.8375;Owen Sound
YOW;45.3225;-75.6692;Ottawa
YPA;53.2142;-105.6730;Prince Albert
YPC;69.3608;-124.0755;Paulatuk
YPD;45.2575;-79.8297;Parry Sound
YPE;56.2269;-117.4470;Peace River
YPG;49.9031;-98.2738;Portage-la-prairie
YPH;58.4719;-78.0769;Inukjuak
YPJ;59.2967;-69.5997;Aupaluk
YPL;51.4464;-90.2142;Pickle Lake
YPM;51.8197;-93.9733;Pikangikum
YPN;49.8364;-64.2886;Port Menier
YPO;54.9881;-85.4433;Peawanuck
YPQ;44.2300;-78.3633;Peterborough
YPR;54.2861;-130.4450;Prince Pupert
YPS;45.6567;-61.3681;Port Hawkesbury
YPW;49.8342;-124.5000;Powell River
YPX;60.0506;-77.2869;Puvirnituq
YPY;58.7672;-111.1170;Fort Chipewyan
YQA;44.9747;-79.3033;Muskoka
YQB;46.7911;-71.3933;Quebec
YQC;61.0464;-69.6178;Quaqtaq
YQD;53.9714;-101.0910;The Pas
YQF;52.1822;-113.8940;Red Deer Industrial
YQG;42.2756;-82.9556;Windsor
YQH;60.1164;-128.8220;Watson Lake
YQI;43.8269;-66.0881;Yarmouth
YQK;49.7883;-94.3631;Kenora
YQL;49.6303;-112.8000;Lethbridge
YQM;46.1122;-64.6786;Moncton
YQN;50.1828;-86.6964;Nakina
YQQ;49.7108;-124.8870;Comox
YQR;50.4319;-104.6660;Regina
YQS;42.7700;-81.1108;St Thomas
YQT;48.3719;-89.3239;Thunder Bay
YQU;55.1797;-118.8850;Grande Prairie
YQV;51.2647;-102.4620;Yorkton
YQW;52.7692;-108.2440;North Battleford
YQX;48.9369;-54.5681;Gander
YQY;46.1614;-60.0478;Sydney
YQZ;53.0261;-122.5100;Quesnel
YRA;64.1161;-117.3100;Gamètì
YRB;74.7169;-94.9694;Resolute
YRF;53.6828;-57.0419;Cartwright
YRG;54.1797;-58.4575;Rigolet
YRI;47.7644;-69.5847;Riviere Du Loup
YRJ;48.5200;-72.2656;Roberval
YRL;51.0669;-93.7931;Red Lake
YRM;52.4297;-114.9040;Rocky Mountain House
YRO;45.4603;-75.6461;Ottawa
YRQ;46.3528;-72.6794;Trois Rivieres
YRS;54.1672;-93.5572;Red Sucker Lake
YRT;62.8114;-92.1158;Rankin Inlet
YRV;50.9667;-118.1830;Revelstoke
YSB;46.6250;-80.7989;Sudbury
YSC;45.4386;-71.6914;Sherbrooke
YSD;50.2667;-111.1830;Suffield
YSE;49.7817;-123.1620;Squamish
YSF;59.2503;-105.8410;Stony Rapids
YSG;62.4183;-110.6820;Lutselk'e
YSH;44.9458;-75.9406;Smiths Falls
YSJ;45.3161;-65.8903;St. John
YSK;56.5378;-79.2467;Sanikiluaq
YSL;47.1575;-67.8347;St Leonard
YSM;60.0203;-111.9620;Fort Smith
YSN;50.6828;-119.2290;Salmon Arm
YSO;54.9105;-59.7851;Postville
YSP;48.7553;-86.3444;Marathon
YSQ;44.9381;124.5502;Songyuan
YSR;72.9822;-84.6136;Nanisivik
YST;53.8456;-94.8519;St. Theresa Point
YSU;46.4406;-63.8336;Summerside
YSY;71.9939;-125.2430;Sachs Harbour
YTA;45.8644;-77.2517;Pembroke
YTD;55.3189;-97.7078;Thicket Portage
YTE;64.2300;-76.5267;Cape Dorset
YTF;48.5089;-71.6419;Alma
YTH;55.8011;-97.8642;Thompson
YTL;53.8178;-89.8969;Big Trout Lake
YTM;46.4094;-74.7800;Mont-Tremblant
YTQ;58.6678;-69.9558;Tasiujaq
YTR;44.1189;-77.5281;Trenton
YTS;48.5697;-81.3767;Timmins
YTY;32.5634;119.7198;Yangzhou
YTZ;43.6275;-79.3962;Toronto
YUA;25.7375;101.8820;Yuanmou
YUB;69.4333;-133.0260;Tuktoyaktuk
YUD;56.5361;-76.5183;Umiujaq
YUE;-22.2542;131.7820;Yuendumu
YUL;45.4706;-73.7408;Montreal
YUM;32.6566;-114.6060;Yuma
YUS;32.8364;97.0364;Yushu
YUT;66.5214;-86.2247;Repulse Bay
YUX;68.7761;-81.2425;Hall Beach
YUY;48.2061;-78.8356;Rouyn
YVA;-11.7108;43.2439;Moroni
YVB;48.0711;-65.4603;Bonaventure
YVC;55.1514;-105.2620;La Ronge
YVE;50.2481;-119.3310;Vernon
YVG;53.3558;-110.8240;Vermillion
YVM;67.5458;-64.0314;Broughton Island
YVO;48.0533;-77.7828;Val D'or
YVP;58.0961;-68.4269;Quujjuaq
YVQ;65.2816;-126.7980;Norman Wells
YVR;49.1939;-123.1840;Vancouver
YVT;55.8419;-108.4180;Buffalo Narrows
YVV;44.7458;-81.1072;Wiarton
YVZ;52.6558;-94.0614;Deer Lake
YWA;45.9522;-77.3192;Petawawa
YWB;61.5886;-71.9294;Kangiqsujuaq
YWG;49.9100;-97.2399;Winnipeg
YWH;48.4250;-123.3889;Victoria
YWJ;65.2111;-123.4360;Deline
YWK;52.9219;-66.8644;Wabush
YWL;52.1831;-122.0540;Williams Lake
YWM;52.5669;-55.7847;Williams Harbour
YWP;52.9594;-87.3749;Webequie
YWS;50.1436;-122.9490;Whistler
YWY;63.2094;-123.4370;Wrigley
YXC;49.6108;-115.7820;Cranbrook
YXD;53.5725;-113.5210;Edmonton
YXE;52.1708;-106.7000;Saskatoon
YXH;50.0189;-110.7210;Medicine Hat
YXJ;56.2381;-120.7400;Fort Saint John
YXK;48.4781;-68.4969;Rimouski
YXL;50.1139;-91.9053;Sioux Lookout
YXN;62.2400;-92.5981;Whale Cove
YXP;66.1450;-65.7136;Pangnirtung
YXQ;62.4103;-140.8670;Beaver Creek
YXR;47.6974;-79.8473;Earlton
YXS;53.8894;-122.6790;Prince George
YXT;54.4685;-128.5760;Terrace
YXU;43.0356;-81.1539;London
YXX;49.0253;-122.3610;Abbotsford
YXY;60.7096;-135.0670;Whitehorse
YXZ;47.9667;-84.7867;Wawa
YYB;46.3636;-79.4228;North Bay
YYC;51.1139;-114.0200;Calgary
YYD;54.8247;-127.1830;Smithers
YYE;58.8364;-122.5970;Fort Nelson
YYF;49.4631;-119.6020;Penticton
YYG;46.2900;-63.1211;Charlottetown
YYH;69.5467;-93.5767;Spence Bay
YYJ;48.6469;-123.4260;Victoria
YYL;56.8639;-101.0760;Lynn Lake
YYN;50.2919;-107.6910;Swift Current
YYQ;58.7392;-94.0650;Churchill
YYR;53.3192;-60.4258;Goose Bay
YYT;47.6186;-52.7519;St. John's
YYU;49.4139;-82.4675;Kapuskasing
YYW;50.2903;-88.9097;Armstrong
YYY;48.6086;-68.2081;Mont Joli
YYZ;43.6772;-79.6306;Toronto
YZD;43.7425;-79.4656;Toronto
YZE;45.8853;-82.5678;Gore Bay
YZF;62.4628;-114.4400;Yellowknife
YZG;62.1794;-75.6672;Salluit
YZH;55.2931;-114.7770;Slave Lake
YZP;53.2543;-131.8140;Sandspit
YZR;42.9994;-82.3089;Sarnia
YZS;64.1933;-83.3594;Coral Harbour
YZT;50.6806;-127.3670;Port Hardy
YZU;54.1439;-115.7870;Whitecourt
YZV;50.2233;-66.2656;Sept-iles
YZW;60.1728;-132.7430;Teslin
YZX;44.9844;-64.9169;Greenwood
YZY;38.8019;100.6750;Zhangye
YZZ;49.0556;-117.6090;Trail
ZAC;56.0894;-96.0892;York Landing
ZAD;44.1083;15.3467;Zadar
ZAG;45.7429;16.0688;Zagreb
ZAH;29.4757;60.9062;Zahedan
ZAJ;30.9722;61.8658;Zaranj
ZAL;-39.6500;-73.0861;Valdivia
ZAM;6.9224;122.0600;Zamboanga
ZAO;44.3514;1.4753;Cahors
ZAR;11.1302;7.6858;Zaria
ZAT;27.3256;103.7550;Zhaotong
ZAZ;41.6662;-1.0416;Zaragoza
ZBF;47.6297;-65.7389;Bathurst
ZBM;45.2908;-72.7414;Bromont
ZBO;-20.0183;148.2150;Bowen
ZBR;25.4433;60.3821;Chah Bahar
ZBY;19.2436;101.7093;Sainyabuli
ZCL;22.8971;-102.6870;Zacatecas
ZCN;52.5912;10.0221;Celle
ZCO;-38.9259;-72.6515;Temuco
ZEC;-26.5241;29.1701;Secunda
ZEM;52.2264;-78.5225;Eastmain River
ZER;27.5883;93.8281;Zero
ZFA;62.2075;-133.3760;Faro
ZFD;59.3344;-107.1820;Fond-Du-Lac
ZFM;67.4075;-134.8610;Fort Mcpherson
ZFN;64.9097;-125.5730;Tulita
ZGF;49.0156;-118.4310;Grand Forks
ZGI;54.8397;-94.0786;Gods River
ZGR;52.0456;-95.4658;Little Grand Rapids
ZGS;50.2597;-60.6794;La Romaine
ZGU;-14.2181;167.5870;Gaua Island
ZHA;21.2144;110.3580;Zhanjiang
ZHI;47.1816;7.4172;Grenchen
ZHY;37.5731;105.1545;Zhongwei
ZIA;55.5533;38.1500;Ramenskoe
ZIC;-38.2456;-72.3486;Victoria
ZIG;12.5556;-16.2818;Ziguinchor
ZIH;17.6016;-101.4610;Zihuatanejo
ZIN;46.6766;7.8791;Interlaken
ZIS;31.7749;12.2501;Zintan
ZIX;66.7965;123.3610;Zhigansk
ZJG;54.5189;-98.0461;Jenpeg
ZJI;46.1608;8.8786;Locarno
ZJN;52.1206;-101.2360;Swan River
ZKB;-8.5250;30.6630;Kasaba Bay
ZKE;52.2825;-81.6778;Kashechewan
ZKG;50.1958;-61.2658;Kegaska
ZKP;65.7485;150.8889;Zyryanka
ZLO;19.1448;-104.5590;Manzanillo
ZLT;50.8308;-58.9756;La Tabatière
ZMG;52.0736;11.6264;Magdeburg
ZMH;51.7361;-121.3330;108 Mile Ranch
ZMM;20.0450;-102.2760;Zamora
ZMT;54.0275;-132.1250;Masset
ZNA;49.1833;-123.9500;Nanaimo
ZND;13.7790;8.9838;Zinder
ZNE;-23.4178;119.8030;Newman
ZNF;50.1692;8.9616;Hanau
ZNZ;-6.2220;39.2249;Zanzibar
ZOS;-40.6112;-73.0610;Osorno
ZPB;53.8911;-92.1964;Sachigo Lake
ZPC;-39.2928;-71.9159;Pucon
ZPH;28.2282;-82.1559;Zephyrhills
ZQL;47.9733;8.5222;Donaueschingen
ZQN;-45.0211;168.7390;Queenstown International
ZQW;49.2094;7.4006;Zweibruecken
ZQZ;40.7386;114.9300;Zhangjiakou
ZRH;47.4647;8.5492;Zurich
ZRJ;52.9436;-91.3128;Round Lake
ZSA;24.0633;-74.5240;Cockburn Town
ZSE;-21.3209;55.4250;St.-pierre
ZSJ;53.0642;-93.3444;Sandy Lake
ZST;55.9354;-129.9824;Stewart
ZSW;54.3333;-130.2830;Prince Rupert
ZTA;-20.7897;-138.5700;Tureia
ZTB;50.6744;-59.3836;Tête-à-la-Baleine
ZTH;37.7509;20.8843;Zakynthos
ZTM;55.8656;-92.0814;Shamattawa
ZTR;50.2706;28.7386;Zhytomyr
ZTU;41.5622;46.6672;Zaqatala
ZUC;49.4297;-91.7178;Ignace
ZUH;22.0064;113.3760;Zhuhai
ZUM;53.5619;-64.1064;Churchill Falls
ZVA;-19.5628;45.4508;Miandrivazo
ZVK;16.5566;104.7600;Savannakhet
ZWA;-14.6517;49.6206;Andapa
ZWL;58.1069;-103.1720;Wollaston Lake
ZXT;40.4955;49.9768;Baku
ZYI;27.5895;107.0007;Zunyi
ZYL;24.9632;91.8668;Sylhet Osmani
ZZU;-11.4447;34.0118;Mzuzu
ZZV;39.9444;-81.8921;Zanesville
